-- Adminer 4.8.1 MySQL 5.7.38-google-log dump

SET NAMES utf8;
SET time_zone = '+00:00';
SET foreign_key_checks = 0;
SET sql_mode = 'NO_AUTO_VALUE_ON_ZERO';

SET NAMES utf8mb4;

DROP TABLE IF EXISTS `account_types`;
CREATE TABLE `account_types` (
  `id` bigint(20) unsigned NOT NULL AUTO_INCREMENT,
  `name` varchar(32) COLLATE utf8mb4_unicode_ci NOT NULL,
  `is_organization` tinyint(1) NOT NULL DEFAULT '0',
  `is_default` tinyint(1) NOT NULL DEFAULT '0',
  `sequence` tinyint(1) NOT NULL DEFAULT '0',
  `dp_code` varchar(100) COLLATE utf8mb4_unicode_ci DEFAULT NULL,
  `created_at` datetime NOT NULL,
  `created_by` int(11) NOT NULL,
  `updated_at` datetime NOT NULL,
  `updated_by` int(11) NOT NULL,
  `deleted_at` datetime DEFAULT NULL,
  `on_web` tinyint(1) NOT NULL DEFAULT '1',
  PRIMARY KEY (`id`)
) ENGINE=InnoDB DEFAULT CHARSET=utf8mb4 COLLATE=utf8mb4_unicode_ci;

INSERT INTO `account_types` (`id`, `name`, `is_organization`, `is_default`, `sequence`, `dp_code`, `created_at`, `created_by`, `updated_at`, `updated_by`, `deleted_at`, `on_web`) VALUES
(1,	'Individual',	0,	0,	0,	'IN',	'2017-07-24 16:31:16',	1,	'2017-07-24 16:31:16',	1,	NULL,	1),
(2,	'Organization',	1,	0,	0,	'OR',	'2017-07-24 16:31:16',	1,	'2017-07-24 16:31:16',	1,	NULL,	1);

DROP TABLE IF EXISTS `aliases`;
CREATE TABLE `aliases` (
  `id` bigint(20) unsigned NOT NULL AUTO_INCREMENT,
  `source` varchar(255) COLLATE utf8mb4_unicode_ci NOT NULL,
  `alias` varchar(255) COLLATE utf8mb4_unicode_ci NOT NULL,
  `status_code` int(11) DEFAULT NULL,
  `type` varchar(24) COLLATE utf8mb4_unicode_ci NOT NULL DEFAULT 'http',
  `created_at` datetime DEFAULT NULL,
  `updated_at` datetime DEFAULT NULL,
  PRIMARY KEY (`id`)
) ENGINE=InnoDB DEFAULT CHARSET=utf8mb4 COLLATE=utf8mb4_unicode_ci;


DROP TABLE IF EXISTS `assets`;
CREATE TABLE `assets` (
  `id` bigint(20) unsigned NOT NULL AUTO_INCREMENT,
  `theme_id` bigint(20) unsigned NOT NULL,
  `parent_id` bigint(20) unsigned DEFAULT NULL,
  `key` varchar(255) COLLATE utf8mb4_unicode_ci NOT NULL,
  `locked` tinyint(1) NOT NULL DEFAULT '0',
  `content_type` varchar(64) COLLATE utf8mb4_unicode_ci NOT NULL,
  `size` int(11) NOT NULL,
  `public_url` varchar(255) COLLATE utf8mb4_unicode_ci DEFAULT NULL,
  `value` longtext COLLATE utf8mb4_unicode_ci,
  `locked_value` longtext COLLATE utf8mb4_unicode_ci,
  `created_at` datetime DEFAULT NULL,
  `created_by` int(11) DEFAULT NULL,
  `updated_at` datetime DEFAULT NULL,
  `updated_by` int(11) DEFAULT NULL,
  PRIMARY KEY (`id`),
  KEY `parent_id` (`parent_id`),
  KEY `theme_id` (`theme_id`),
  CONSTRAINT `assets_ibfk_1` FOREIGN KEY (`parent_id`) REFERENCES `assets` (`id`) ON DELETE CASCADE,
  CONSTRAINT `assets_ibfk_2` FOREIGN KEY (`theme_id`) REFERENCES `themes` (`id`) ON DELETE CASCADE
) ENGINE=InnoDB DEFAULT CHARSET=utf8mb4 COLLATE=utf8mb4_unicode_ci;


DROP TABLE IF EXISTS `audits`;
CREATE TABLE `audits` (
  `id` bigint(20) unsigned NOT NULL AUTO_INCREMENT,
  `user_type` varchar(255) COLLATE utf8mb4_unicode_ci DEFAULT NULL,
  `user_id` bigint(20) unsigned DEFAULT NULL,
  `event` varchar(255) COLLATE utf8mb4_unicode_ci NOT NULL,
  `auditable_type` varchar(255) COLLATE utf8mb4_unicode_ci NOT NULL,
  `auditable_id` bigint(20) unsigned NOT NULL,
  `old_values` text COLLATE utf8mb4_unicode_ci,
  `new_values` text COLLATE utf8mb4_unicode_ci,
  `url` text COLLATE utf8mb4_unicode_ci,
  `ip_address` varchar(45) COLLATE utf8mb4_unicode_ci DEFAULT NULL,
  `user_agent` varchar(255) COLLATE utf8mb4_unicode_ci DEFAULT NULL,
  `tags` varchar(255) COLLATE utf8mb4_unicode_ci DEFAULT NULL,
  `created_at` timestamp NULL DEFAULT NULL,
  `updated_at` timestamp NULL DEFAULT NULL,
  PRIMARY KEY (`id`),
  KEY `audits_auditable_type_auditable_id_index` (`auditable_type`(191),`auditable_id`),
  KEY `audits_user_id_user_type_index` (`user_id`,`user_type`(191))
) ENGINE=InnoDB DEFAULT CHARSET=utf8mb4 COLLATE=utf8mb4_unicode_ci;


DROP TABLE IF EXISTS `autologin_tokens`;
CREATE TABLE `autologin_tokens` (
  `id` bigint(20) unsigned NOT NULL AUTO_INCREMENT,
  `user_type` varchar(255) COLLATE utf8mb4_unicode_ci NOT NULL,
  `user_id` int(10) unsigned NOT NULL,
  `hashed_token` char(40) COLLATE utf8mb4_unicode_ci NOT NULL,
  `path` text COLLATE utf8mb4_unicode_ci,
  `hits` int(11) NOT NULL DEFAULT '0',
  `expires` datetime DEFAULT NULL,
  `kamikaze` tinyint(1) NOT NULL DEFAULT '0',
  `created_at` datetime DEFAULT NULL,
  `updated_at` datetime DEFAULT NULL,
  PRIMARY KEY (`id`),
  UNIQUE KEY `hashed_token` (`hashed_token`),
  KEY `account_id` (`user_id`),
  KEY `autologin_tokens_user_type_user_id_index` (`user_type`,`user_id`)
) ENGINE=InnoDB DEFAULT CHARSET=utf8mb4 COLLATE=utf8mb4_unicode_ci;


DROP TABLE IF EXISTS `categories`;
CREATE TABLE `categories` (
  `id` bigint(20) unsigned NOT NULL AUTO_INCREMENT,
  `parent_id` int(11) unsigned DEFAULT NULL,
  `assignable_id` int(11) unsigned DEFAULT NULL,
  `assignable_type` varchar(64) COLLATE utf8mb4_unicode_ci NOT NULL,
  `sequence` int(11) unsigned DEFAULT '0',
  `enabled` tinyint(1) NOT NULL DEFAULT '1',
  `name` varchar(64) COLLATE utf8mb4_unicode_ci NOT NULL,
  `handle` varchar(150) COLLATE utf8mb4_unicode_ci NOT NULL,
  `description` text COLLATE utf8mb4_unicode_ci,
  `media_id` bigint(20) unsigned DEFAULT NULL,
  `created_at` datetime DEFAULT NULL,
  `created_by` int(11) unsigned DEFAULT NULL,
  `updated_at` datetime DEFAULT NULL,
  `updated_by` int(11) unsigned DEFAULT NULL,
  `deleted_at` datetime DEFAULT NULL,
  `deleted_by` int(11) unsigned DEFAULT NULL,
  PRIMARY KEY (`id`),
  KEY `media_id` (`media_id`),
  CONSTRAINT `categories_ibfk_1` FOREIGN KEY (`media_id`) REFERENCES `media` (`id`)
) ENGINE=InnoDB DEFAULT CHARSET=utf8mb4 COLLATE=utf8mb4_unicode_ci;


DROP TABLE IF EXISTS `categorizables`;
CREATE TABLE `categorizables` (
  `category_id` int(11) unsigned NOT NULL,
  `categorizable_id` int(11) unsigned NOT NULL,
  `categorizable_type` varchar(64) COLLATE utf8mb4_unicode_ci NOT NULL,
  PRIMARY KEY (`category_id`,`categorizable_id`,`categorizable_type`)
) ENGINE=InnoDB DEFAULT CHARSET=utf8mb4 COLLATE=utf8mb4_unicode_ci;


DROP TABLE IF EXISTS `comments`;
CREATE TABLE `comments` (
  `id` bigint(20) unsigned NOT NULL AUTO_INCREMENT,
  `body` longtext COLLATE utf8mb4_unicode_ci NOT NULL,
  `commentable_type` varchar(255) COLLATE utf8mb4_unicode_ci NOT NULL,
  `commentable_id` bigint(20) unsigned NOT NULL,
  `created_by` bigint(20) unsigned DEFAULT NULL,
  `updated_by` bigint(20) unsigned DEFAULT NULL,
  `created_at` timestamp NULL DEFAULT NULL,
  `updated_at` timestamp NULL DEFAULT NULL,
  `deleted_at` timestamp NULL DEFAULT NULL,
  PRIMARY KEY (`id`),
  KEY `comments_commentable_type_commentable_id_index` (`commentable_type`,`commentable_id`),
  KEY `created_by` (`created_by`),
  KEY `updated_by` (`updated_by`),
  FULLTEXT KEY `search` (`body`),
  CONSTRAINT `comments_created_by_foreign` FOREIGN KEY (`created_by`) REFERENCES `user` (`id`),
  CONSTRAINT `comments_updated_by_foreign` FOREIGN KEY (`updated_by`) REFERENCES `user` (`id`)
) ENGINE=InnoDB DEFAULT CHARSET=utf8mb4 COLLATE=utf8mb4_unicode_ci;


DROP TABLE IF EXISTS `configs`;
CREATE TABLE `configs` (
  `id` bigint(20) unsigned NOT NULL AUTO_INCREMENT,
  `config_key` varchar(191) CHARACTER SET utf8mb4 COLLATE utf8mb4_bin NOT NULL,
  `config_value` longtext CHARACTER SET utf8mb4 COLLATE utf8mb4_bin,
  `created_at` datetime DEFAULT NULL,
  `created_by` int(11) NOT NULL,
  PRIMARY KEY (`id`),
  KEY `config_key` (`config_key`),
  KEY `configs_idx_config_key_created_at` (`config_key`,`created_at`)
) ENGINE=InnoDB DEFAULT CHARSET=utf8mb4 COLLATE=utf8mb4_unicode_ci;

INSERT INTO `configs` (`id`, `config_key`, `config_value`, `created_at`, `created_by`) VALUES
(11,	'clientName',	'Prototype Site',	'2019-06-21 13:55:21',	1),
(12,	'clientShortName',	'Prototype Site',	'2019-06-21 13:55:21',	1),
(13,	'clientUrl',	'http://prototype-site.givecloud.co',	'2019-06-21 13:55:21',	1),
(14,	'clientDomain',	'prototype-site.givecloud.co',	'2019-06-21 13:55:21',	1),
(15,	'ds_account_name',	'prototype-site',	'2019-06-21 13:55:21',	1),
(17,	'sales_channel',	'Direct',	'2019-06-21 13:56:24',	1),
(19,	'announcement_users_ids',	'1',	'2019-06-21 14:04:22',	1),
(20,	'thumbnail_crop',	'top',	'2019-06-21 14:10:13',	1),
(22,	'packing_slip_corporate_header',	'<p><span style=\"font-size: 30pt; font-weight: bold;\">Packing Slip</span></p>',	'2019-06-21 14:10:13',	1),
(23,	'member_login_redirect',	'',	'2019-06-21 14:10:13',	1),
(24,	'feature_customfields',	'0',	'2019-06-21 14:10:13',	1),
(25,	'feature_edit_order_items',	'1',	'2019-06-21 14:10:13',	1),
(26,	'feature_linked_products',	'1',	'2019-06-21 14:10:13',	1),
(27,	'feature_fundraising_pages',	'1',	'2019-06-21 14:10:13',	1),
(28,	'feature_kiosks',	'1',	'2019-06-21 14:10:13',	1),
(29,	'feature_messenger',	'1',	'2019-06-21 14:10:13',	1),
(30,	'feature_pledges',	'1',	'2019-06-21 14:10:13',	1),
(31,	'shipping_canadapost_pass',	'eyJpdiI6IklBSDN1dElKSzhKM2VxczBBV1BVNEE9PSIsInZhbHVlIjoidFFHQ2tqWjRhQTRDWWNFV2xMcGFRTG96R3gzeDZDMnJsZ0d2S0ZWdEthWT0iLCJtYWMiOiIzOTI2YmM0ODgxMzI2YTZiMTdkNGZiYWJhMzU2OWE1NGY1ZTRiNGFiZTBkZjRiNzEyNjFmOWJhYjE2MTQxZDc5In0=',	'2019-06-21 14:10:13',	1),
(32,	'shipping_usps_classids',	'3,1,01,03,04,4,6,7',	'2019-06-21 14:10:13',	1),
(33,	'shipping_usps_interids',	'1,2,9,11,12,15,16,24,25,26',	'2019-06-21 14:10:13',	1),
(34,	'external_donations_start_date',	'',	'2019-06-21 14:10:13',	1),
(35,	'external_donations_end_date',	'',	'2019-06-21 14:10:13',	1),
(36,	'external_donations_gl_codes',	'',	'2019-06-21 14:10:13',	1),
(37,	'external_donations_gift_types',	'',	'2019-06-21 14:10:13',	1),
(38,	'asana_project_id',	'',	'2019-06-21 14:10:13',	1),
(39,	'trial_end_date',	NULL,	'2019-06-21 15:11:25',	1),
(43,	'default_color_1',	'#337ab7',	'2019-06-28 03:02:47',	1),
(44,	'default_color_2',	'#ff980b',	'2019-06-28 03:02:47',	1),
(45,	'default_color_3',	'#33ccff',	'2019-06-28 03:02:47',	1),
(47,	'allow_account_types_on_web',	'1',	'2019-06-28 14:42:33',	1),
(48,	'referral_sources_isactive',	'1',	'2019-06-28 14:42:33',	1),
(49,	'nps_enabled',	'1',	'2019-06-28 14:42:33',	1),
(50,	'account_login_features',	'view-profile,view-billing,view-shipping,edit-profile,edit-billing,edit-shipping,view-orders,view-receipts,view-payment-methods,edit-payment-methods,view-sponsorships,end-sponsorships,view-memberships,view-subscriptions,end-subscriptions',	'2019-06-28 14:42:33',	1),
(51,	'onboarding_flow',	'0',	'2019-06-28 15:10:14',	1),
(56,	'credit_card_provider',	'givecloudtest',	'2019-06-28 15:13:54',	1),
(57,	'bank_account_provider',	'givecloudtest',	'2019-06-28 15:13:54',	1),
(58,	'kiosk_provider',	'givecloudtest',	'2019-06-28 15:13:54',	1),
(59,	'cardtypes',	'v,m,a,d,b-ach,p-ach',	'2019-06-28 15:14:29',	1),
(60,	'rpp_default_type',	'natural',	'2019-06-28 15:14:29',	1),
(61,	'rpp_require_login',	'0',	'2019-06-28 15:14:29',	1),
(62,	'dpo_user_alias',	'Givecloud',	'2019-01-01 00:00:00',	1),
(63,	'dpo_isintegrated',	'0',	'2019-01-01 00:00:00',	1),
(64,	'dp_sync_version',	'2',	'2019-01-01 00:00:00',	1),
(65,	'dcc_enabled',	'1',	'2020-01-28 17:09:32',	1),
(68,	'support_chat',	'priority_3',	'2020-05-06 20:34:51',	1),
(72,	'default_logo',	'https://cdn.givecloud.co/static/etc/new-site-logo.svg',	'2020-12-23 17:45:27',	1),
(73,	'dcc_percentage',	'4.5',	'2021-01-06 15:44:10',	1),
(74,	'dcc_cost_per_order',	NULL,	'2021-01-06 15:44:10',	1),
(75,	'dcc_checkout_label',	'Cover the Fees',	'2021-01-06 15:44:10',	1),
(76,	'dcc_checkout_description',	'Cover the fees to make the most of my donation.',	'2021-01-06 15:44:10',	1),
(77,	'dcc_checkout_description_with_amount',	'Cover the [$$$] fee to make the most of my donation.',	'2021-01-06 15:44:10',	1),
(78,	'dcc_invoice_label',	'Admin Fees',	'2021-01-06 15:44:10',	1),
(79,	'dcc_enabled_on_sponsorships',	'1',	'2021-01-06 15:44:10',	1),
(80,	'synonym_province',	'State',	'2021-06-08 20:21:01',	1),
(81,	'cart_synonym',	'Cart',	'2021-06-08 20:21:01',	1),
(82,	'syn_sponsorship_child',	'Child',	'2021-06-08 20:21:01',	1),
(83,	'syn_sponsorship_children',	'Children',	'2021-06-08 20:21:01',	1),
(84,	'syn_group',	'Membership',	'2021-06-08 20:21:01',	1),
(85,	'syn_groups',	'Memberships',	'2021-06-08 20:21:01',	1),
(86,	'syn_group_member',	'Member',	'2021-06-08 20:21:01',	1),
(87,	'syn_group_members',	'Members',	'2021-06-08 20:21:01',	1),
(88,	'feature_customfields',	NULL,	'2021-06-08 20:21:01',	1),
(89,	'feature_allow_previewing_new_ui',	'1',	'2021-06-08 20:21:01',	1),
(90,	'feature_messenger',	NULL,	'2021-06-08 20:21:01',	1),
(91,	'external_donations_start_date',	NULL,	'2021-06-08 20:21:01',	1),
(92,	'external_donations_end_date',	NULL,	'2021-06-08 20:21:01',	1),
(93,	'external_donations_gl_codes',	NULL,	'2021-06-08 20:21:01',	1),
(94,	'external_donations_gift_types',	NULL,	'2021-06-08 20:21:01',	1),
(97,	'dp_trigger_calculated_fields',	'0',	'2021-09-29 15:57:02',	1);

DROP TABLE IF EXISTS `conversations`;
CREATE TABLE `conversations` (
  `id` bigint(20) unsigned NOT NULL AUTO_INCREMENT,
  `enabled` tinyint(1) unsigned NOT NULL DEFAULT '0',
  `command` varchar(128) COLLATE utf8mb4_unicode_ci NOT NULL,
  `conversation_type` varchar(32) COLLATE utf8mb4_unicode_ci NOT NULL,
  `tracking_source` varchar(50) COLLATE utf8mb4_unicode_ci DEFAULT NULL,
  `created_at` datetime DEFAULT NULL,
  `updated_at` datetime DEFAULT NULL,
  `deleted_at` timestamp NULL DEFAULT NULL,
  PRIMARY KEY (`id`)
) ENGINE=InnoDB DEFAULT CHARSET=utf8mb4 COLLATE=utf8mb4_unicode_ci;


DROP TABLE IF EXISTS `conversations_pivot`;
CREATE TABLE `conversations_pivot` (
  `conversation_id` bigint(20) unsigned NOT NULL,
  `conversation_recipient_id` bigint(20) unsigned NOT NULL,
  PRIMARY KEY (`conversation_id`,`conversation_recipient_id`),
  KEY `conversation_recipient_id` (`conversation_recipient_id`),
  CONSTRAINT `conversations_pivot_ibfk_1` FOREIGN KEY (`conversation_id`) REFERENCES `conversations` (`id`),
  CONSTRAINT `conversations_pivot_ibfk_2` FOREIGN KEY (`conversation_recipient_id`) REFERENCES `conversation_recipients` (`id`)
) ENGINE=InnoDB DEFAULT CHARSET=utf8mb4 COLLATE=utf8mb4_unicode_ci;


DROP TABLE IF EXISTS `conversation_recipients`;
CREATE TABLE `conversation_recipients` (
  `id` bigint(20) unsigned NOT NULL AUTO_INCREMENT,
  `identifier` varchar(34) COLLATE utf8mb4_unicode_ci NOT NULL COMMENT 'E.164 formatted phone number or a 5-6 digit short code',
  `resource_type` enum('phone_number','short_code') COLLATE utf8mb4_unicode_ci NOT NULL,
  `nexmo_msisdn` varchar(34) COLLATE utf8mb4_unicode_ci DEFAULT NULL,
  `twilio_sid` char(34) COLLATE utf8mb4_unicode_ci DEFAULT NULL,
  `created_at` datetime DEFAULT NULL,
  `updated_at` datetime DEFAULT NULL,
  `deleted_at` timestamp NULL DEFAULT NULL,
  PRIMARY KEY (`id`)
) ENGINE=InnoDB DEFAULT CHARSET=utf8mb4 COLLATE=utf8mb4_unicode_ci;


DROP TABLE IF EXISTS `emailables`;
CREATE TABLE `emailables` (
  `email_id` bigint(20) unsigned NOT NULL,
  `emailable_type` varchar(255) COLLATE utf8mb4_unicode_ci NOT NULL,
  `emailable_id` bigint(20) unsigned NOT NULL,
  KEY `emailables_email_id_foreign` (`email_id`),
  KEY `emailables_emailable_type_emailable_id_index` (`emailable_type`,`emailable_id`),
  CONSTRAINT `emailables_email_id_foreign` FOREIGN KEY (`email_id`) REFERENCES `emails` (`id`)
) ENGINE=InnoDB DEFAULT CHARSET=utf8mb4 COLLATE=utf8mb4_unicode_ci;


DROP TABLE IF EXISTS `emails`;
CREATE TABLE `emails` (
  `id` bigint(20) unsigned NOT NULL AUTO_INCREMENT,
  `type` varchar(45) COLLATE utf8mb4_unicode_ci DEFAULT NULL,
  `name` varchar(200) COLLATE utf8mb4_unicode_ci DEFAULT NULL,
  `subject` varchar(500) COLLATE utf8mb4_unicode_ci DEFAULT NULL,
  `to` varchar(500) COLLATE utf8mb4_unicode_ci DEFAULT NULL,
  `cc` varchar(1000) COLLATE utf8mb4_unicode_ci DEFAULT NULL,
  `bcc` varchar(1000) COLLATE utf8mb4_unicode_ci DEFAULT NULL,
  `body_template` mediumtext COLLATE utf8mb4_unicode_ci,
  `is_deleted` tinyint(4) NOT NULL DEFAULT '0',
  `is_active` tinyint(4) NOT NULL DEFAULT '0',
  `active_start_date` varchar(45) COLLATE utf8mb4_unicode_ci DEFAULT NULL,
  `active_end_date` varchar(45) COLLATE utf8mb4_unicode_ci DEFAULT NULL,
  `is_protected` tinyint(4) NOT NULL DEFAULT '0',
  `created_at` datetime DEFAULT NULL,
  `created_by` bigint(20) unsigned DEFAULT NULL,
  `updated_at` datetime DEFAULT NULL,
  `updated_by` bigint(20) unsigned DEFAULT NULL,
  `parent_type_deprecated` varchar(255) COLLATE utf8mb4_unicode_ci DEFAULT NULL,
  `parent_id_deprecated` int(10) unsigned DEFAULT NULL,
  `disables_generic` tinyint(1) NOT NULL DEFAULT '0',
  `day_offset` int(11) NOT NULL DEFAULT '0',
  `hint` varchar(450) COLLATE utf8mb4_unicode_ci DEFAULT NULL,
  `category` varchar(100) COLLATE utf8mb4_unicode_ci DEFAULT NULL,
  PRIMARY KEY (`id`),
  KEY `created_by` (`created_by`),
  KEY `updated_by` (`updated_by`),
  KEY `product_id` (`parent_id_deprecated`),
  CONSTRAINT `emails_ibfk_1` FOREIGN KEY (`created_by`) REFERENCES `user` (`id`),
  CONSTRAINT `emails_ibfk_2` FOREIGN KEY (`updated_by`) REFERENCES `user` (`id`)
) ENGINE=InnoDB DEFAULT CHARSET=utf8mb4 COLLATE=utf8mb4_unicode_ci;

INSERT INTO `emails` (`id`, `type`, `name`, `subject`, `to`, `cc`, `bcc`, `body_template`, `is_deleted`, `is_active`, `active_start_date`, `active_end_date`, `is_protected`, `created_at`, `created_by`, `updated_at`, `updated_by`, `parent_type_deprecated`, `parent_id_deprecated`, `disables_generic`, `day_offset`, `hint`, `category`) VALUES
(1,	'customer_order_received',	'Contribution Received: To Supporter',	'Thanks for your contribution!',	NULL,	NULL,	NULL,	'<p><strong>Dear [[bill_first_name]],</strong></p>\r\n<p>This email confirms that your <strong>Contribution #[[order_number]]</strong> for <strong>[[total_amount]]</strong>&nbsp;has been successfully processed on a [[bill_card_type]]&nbsp;card ending in [[bill_card_last_4]]. Your confirmation number is <strong>[[confirmation_number]]</strong>.</p>\r\n<p>You can also check on the status of your contribution by clicking \'Track My Contribution\' on the top of our website, or by <a href=\"[[trackingurl]]\">clicking here</a>.</p>\r\n<p>--<br />[[shoporganization]]<br />[[shopurl]]</p>',	0,	1,	'2012-01-01',	NULL,	1,	NULL,	NULL,	'2021-03-05 19:43:14',	1,	NULL,	NULL,	0,	0,	'Sent to all supporters who process a contribution through your site confirming their contribution was successfully processed.',	'Contributions'),
(2,	'admin_order_received',	'Contribution Received: To Admin',	'Contribution Received (#[[order_number]])',	NULL,	NULL,	NULL,	'<p>Hi Team,</p>\r\n<p>This is an administrative notification email confirming&nbsp;that<strong> Contribution #[[order_number]]</strong> for <strong>[[total_amount]]</strong> has been successfully processed.</p>\r\n<p>The contribution confirmation number is <strong>[[confirmation_number]]</strong></p>\r\n<p>[[invoice_table]]</p>\r\n<p><strong>More Details:</strong><br />Website: <a href=\"[[public_tracking_url]]\">View Contribution Details</a><br />Control Panel: <a href=\"[[admin_tracking_url]]\">View Contribution Details</a></p>\r\n<p>--<br />The Giveloud Team<br />http://givecloud.com | http://help.givecloud.com</p>',	0,	0,	'2012-01-01',	NULL,	1,	NULL,	NULL,	'2021-02-17 18:51:43',	1,	NULL,	NULL,	0,	0,	'Sent to your organization\'s team when a contribution is received.',	'Internal'),
(3,	'member_welcome',	'Supporter: Welcome',	'Welcome!',	'',	'',	'',	'<p><span style=\"font-size: 10pt;\">Hi&nbsp;[[first_name]],</span></p>\r\n<p><span style=\"font-size: 10pt;\">Thanks for creating an account at [[shop_url]]. &nbsp;Now, each time you visit our site, you can login and manage your own profile with us.</span></p>\r\n<p><span style=\"font-size: 10pt;\"></span><span style=\"font-size: 10pt;\">Your <strong>My Profile</strong> and <strong>My History</strong> screens are accessed in the drop-down menu that shows up under your \"Welcome, [[first_name]]\" name at the top left corner of your browser&nbsp;window.</span></p>\r\n<p><span style=\"font-size: 10pt;\">We look forward to seeing again and appreciate you taking the time to set up an account with us.</span></p>\r\n<p><span style=\"font-size: 10pt;\">--</span><br /><span style=\"font-size: 10pt;\">[[shoporganization]]</span><br /><span style=\"font-size: 10pt;\">[[shopurl]]</span></p>',	0,	1,	'2012-01-01',	NULL,	1,	NULL,	NULL,	'2016-09-23 12:30:09',	1,	NULL,	NULL,	0,	0,	'Sent to your supporters when they first create a profile.',	'Supporters'),
(4,	'member_profile_update',	'Supporter: Updated',	'Your profile has been updated',	'',	'',	'',	'<p><span style=\"font-size: 10pt;\">Dear [[first_name]],</span></p>\r\n<p><span style=\"font-size: 10pt;\">Your profile has been updated as follows:&nbsp;</span></p>\r\n<p><span style=\"font-size: 10pt;\">[[profile_updates]]</span></p>\r\n<p><span style=\"font-size: 10pt;\">If you did not make these changes, please notify us immediately.</span></p>\r\n<p><span style=\"font-size: 10pt;\">--</span><br /><span style=\"font-size: 10pt;\">[[shoporganization]]</span><br /><span style=\"font-size: 10pt;\">[[shopurl]]</span></p>',	0,	1,	'2012-01-01',	NULL,	1,	NULL,	NULL,	'2016-09-23 12:30:41',	1,	NULL,	NULL,	0,	0,	'Sent to your supporters when they update their profile.',	'Supporters'),
(5,	'member_password_reset',	'Supporter: Password Reset',	'Your Login Link',	NULL,	NULL,	NULL,	'<p><span style=\"font-size: 10pt;\">Hi [[first_name]],</span></p>\r\n<p><span style=\"font-size: 10pt;\">Click below to access your account in the next 2 hours:</span></p>\r\n<p><span style=\"font-size: 10pt;\"><a href=\"[[password_reset_link]]\">[[password_reset_link]]</a></span></p>\r\n<p><span style=\"font-size: 10pt;\">You\'ll be asked to update your password for the future.</span></p>\r\n<p><span style=\"font-size: 10pt;\">--</span><br /><span style=\"font-size: 10pt;\">[[shoporganization]]</span><br /><span style=\"font-size: 10pt;\">[[shopurl]]</span></p>',	0,	1,	'2012-01-01',	NULL,	1,	NULL,	NULL,	'2019-06-28 15:31:58',	1,	NULL,	NULL,	0,	0,	'Sent to your supporters when they need to reset their password.',	'Supporters'),
(6,	'customer_downloads',	'Contribution: eDownload Links',	'Your Downloads',	'',	'',	'',	'<p><span style=\"font-size: 10pt;\"><img style=\"display: block; margin-left: auto; margin-right: auto;\" src=\"https://815393a849b74051d552-f0e6c8ff8d0647d5bbdb36d26d405888.ssl.cf2.rackcdn.com/newtheme/images/your-logo.png\" alt=\"\" width=\"236\" height=\"95\" /></span></p>\r\n<p style=\"text-align: center;\"><span style=\"font-size: 12pt;\"><strong>Your Downloads</strong></span></p>\r\n<p style=\"text-align: center;\"><strong><span style=\"font-size: 10pt;\">&nbsp;</span></strong></p>\r\n<p><span style=\"font-size: 10pt;\"></span></p>\r\n<p><span style=\"font-size: 10pt;\">Hi [[bill_first_name]],</span></p>\r\n<p><span style=\"font-size: 10pt;\">Here are the secure links to the files you recently purchased.</span><br /><br /><span style=\"font-size: 10pt;\">[[download_links]]</span><br /><br /><span style=\"font-size: 10pt;\">--</span><br /><span style=\"font-size: 10pt;\">[[shop_organization]]</span></p>',	0,	1,	NULL,	NULL,	1,	'2013-03-09 21:15:19',	1,	'2016-09-23 12:25:29',	1,	NULL,	NULL,	0,	0,	'Sent to supporters who have purchased digital downloads. This email contains the secured download URLS.',	'Contributions'),
(7,	'merchant_recurring_payment_processing_summary',	'Recurring Payment: Processing Summary',	'Recurring Payment: Processing Summary',	'[[email]]',	'',	'',	'<p>Successful payments: [[successful_payments]]<br />Total processed:&nbsp;[[successful_payments_amount]]<br />Failed Payments:&nbsp;[[failed_payments]]<br />Failed Total:&nbsp;[[failed_payments_amount]]</p>\r\n<p>[[failed_payments_table]]</p>\r\n<p><br /><br /><br /></p>',	1,	1,	'2012-01-01',	NULL,	1,	NULL,	NULL,	NULL,	NULL,	NULL,	NULL,	0,	0,	'Sent to your organization\'s team after recurring accounts have been processed. This email contains a summary of payments that succeeded and failed.',	'Internal'),
(8,	'customer_recurring_payment_failure',	'Recurring Payment: Payment Failure',	'Opps!  We need your help!',	'[[email]]',	'',	'',	'<p><span style=\"font-size: 10pt;\"><img style=\"display: block; margin-left: auto; margin-right: auto;\" src=\"https://815393a849b74051d552-f0e6c8ff8d0647d5bbdb36d26d405888.ssl.cf2.rackcdn.com/newtheme/images/your-logo.png\" alt=\"\" width=\"236\" height=\"95\" /></span></p>\r\n<p style=\"text-align: center;\"><span style=\"font-size: 12pt;\"><strong>Problem With Your Payment</strong></span></p>\r\n<p style=\"text-align: center;\"><strong><span style=\"font-size: 10pt;\">&nbsp;</span></strong></p>\r\n<p><span style=\"font-size: 10pt;\">Dear [[first_name]],</span></p>\r\n<p><span style=\"font-size: 10pt;\">It looks like there was a problem with your payment last time we charged your card.</span></p>\r\n<p><span style=\"font-size: 10pt;\">Did you know you can update your credit card or banking information right from our website? <strong><a href=\"[[recurring_payments_url]]\">Give it a try</a></strong>.</span></p>\r\n<p><span style=\"font-size: 10pt;\">We hope this notification was helpful :) &nbsp;We look forward to your continued partnership.</span></p>\r\n<p><span style=\"font-size: 10pt;\">--</span><br /><span style=\"font-size: 10pt;\">[[shoporganization]]</span><br /><span style=\"font-size: 10pt;\">[[shopurl]]</span></p>',	0,	1,	'2012-01-01',	NULL,	1,	NULL,	NULL,	'2016-09-23 12:23:45',	1,	NULL,	NULL,	0,	0,	'Sent to supporters whose recurring payment failed.',	'Recurring Payments'),
(9,	'customer_payment_method_expiring',	'Payment Method: Expiring',	'Payment method is expiring soon',	'[[email]]',	'',	'',	'<p><span style=\"font-size: 10pt;\"><img style=\"display: block; margin-left: auto; margin-right: auto;\" src=\"https://815393a849b74051d552-f0e6c8ff8d0647d5bbdb36d26d405888.ssl.cf2.rackcdn.com/newtheme/images/your-logo.png\" alt=\"\" width=\"236\" height=\"95\" /></span></p>\r\n<p style=\"text-align: center;\"><span style=\"font-size: 12pt;\"><strong>Your Payment Method Is Expiring Soon!</strong></span></p>\r\n<p style=\"text-align: center;\"><strong><span style=\"font-size: 10pt;\">&nbsp;</span></strong></p>\r\n<p><span style=\"font-size: 10pt;\">Dear [[first_name]],</span></p>\r\n<p><span style=\"font-size: 10pt;\">It looks like the&nbsp;payment method we have on file is expiring soon.</span></p>\r\n<p><span style=\"font-size: 10pt;\">Did you know you can update your credit card or banking information right from our website? <strong><a href=\"[[payment_methods_url]]\">Give it a try</a></strong>.</span></p>\r\n<p><span style=\"font-size: 10pt;\">We hope this notification was helpful :) &nbsp;We look forward to your continued partnership.</span></p>\r\n<p><span style=\"font-size: 10pt;\">--</span><br /><span style=\"font-size: 10pt;\">[[shoporganization]]</span><br /><span style=\"font-size: 10pt;\">[[shopurl]]</span></p>',	0,	1,	'2012-01-01',	NULL,	1,	NULL,	NULL,	'2016-09-23 12:22:25',	1,	NULL,	NULL,	0,	0,	'Sent to supporters whose recurring payment method is expiring soon.',	'Recurring Payments'),
(10,	'customer_payment_method_expired',	'Payment Method: Expired',	'Expired Credit Card',	'[[email]]',	'',	'',	'<p><span style=\"font-size: 10pt;\"><img style=\"display: block; margin-left: auto; margin-right: auto;\" src=\"https://815393a849b74051d552-f0e6c8ff8d0647d5bbdb36d26d405888.ssl.cf2.rackcdn.com/newtheme/images/your-logo.png\" alt=\"\" width=\"236\" height=\"95\" /></span></p>\r\n<p style=\"text-align: center;\"><span style=\"font-size: 12pt;\"><strong>Your Payment Method Expired!</strong></span></p>\r\n<p style=\"text-align: center;\"><strong><span style=\"font-size: 10pt;\">&nbsp;</span></strong></p>\r\n<p><span style=\"font-size: 10pt;\">Dear [[first_name]],</span></p>\r\n<p><span style=\"font-size: 10pt;\">It looks like the&nbsp;payment method we have on file expired!</span></p>\r\n<p><span style=\"font-size: 10pt;\">Did you know you can update your credit card or banking information right from our website? <strong><a href=\"[[payment_methods_url]]\">Give it a try</a></strong>.</span></p>\r\n<p><span style=\"font-size: 10pt;\">We hope this notification was helpful :) &nbsp;We look forward to your continued partnership.</span></p>\r\n<p><span style=\"font-size: 10pt;\">--</span><br /><span style=\"font-size: 10pt;\">[[shoporganization]]</span><br /><span style=\"font-size: 10pt;\">[[shopurl]]</span></p>',	0,	1,	'2012-01-01',	NULL,	1,	NULL,	NULL,	'2016-09-23 12:24:19',	1,	NULL,	NULL,	0,	0,	'Sent to supporters whose recurring payment method has expired.',	'Recurring Payments'),
(11,	'customer_tax_receipt',	'Tax Receipt: To Customer',	'Your Tax Receipt',	'',	'',	'',	'<p>Hi [[first_name]],</p>\r\n<p>Thank you so much for your generosity! &nbsp;Attached you\'ll find your Tax Receipt <strong>[[number]]</strong> issued <strong>[[issued_at]]</strong> in the amount of <strong>$[[amount]]</strong>.</p>\r\n<p><span>--</span><br /><span>[[shoporganization]]</span><br /><span>[[shopurl]]</span></p>',	0,	1,	'2012-01-01',	NULL,	1,	NULL,	NULL,	'2016-09-23 12:00:04',	1,	NULL,	NULL,	0,	0,	'Sent to supporters after donating against a product that has tax receipts enabled. This email contains an attached tax receipt PDF.',	'Contributions'),
(13,	'customer_recurring_payment_success',	'Recurring Payment: Payment Success',	'Your payment has been processed!',	'[[email]]',	'',	'',	'<p><span style=\"font-size: 10pt;\"><img style=\"display: block; margin-left: auto; margin-right: auto;\" src=\"https://815393a849b74051d552-f0e6c8ff8d0647d5bbdb36d26d405888.ssl.cf2.rackcdn.com/newtheme/images/your-logo.png\" alt=\"\" width=\"236\" height=\"95\" /></span></p>\r\n<p style=\"text-align: center;\"><strong><span style=\"font-size: 10pt;\">&nbsp;</span></strong></p>\r\n<p><span style=\"font-size: 10pt;\">Dear [[first_name]],</span></p>\r\n<p><span style=\"font-size: 10pt;\">Your payment of&nbsp;[[payment_amt]] has been processed successfully.</span></p>\r\n<p><span style=\"font-size: 10pt;\">You can <a href=\"[[recurring_payments_url]]\"><strong>login to your account</strong></a> at any time to view or manage your recurring payments.</span></p>\r\n<p><span style=\"font-size: 10pt;\">We appreciate&nbsp;your continued partnership.</span></p>\r\n<p><span style=\"font-size: 10pt;\">--</span><br /><span style=\"font-size: 10pt;\">[[shoporganization]]</span><br /><span style=\"font-size: 10pt;\">[[shopurl]]</span></p>',	0,	1,	'',	NULL,	1,	NULL,	NULL,	'2017-09-08 18:24:06',	1,	NULL,	NULL,	0,	0,	'Sent to supporters whose recurring payment succeeded.',	'Recurring Payments'),
(14,	'customer_recurring_payment_reminder',	'Recurring Payment: Reminder',	'Recurring payment reminder',	'[[email]]',	'',	'',	'<p><span style=\"font-size: 10pt;\"><img style=\"display: block; margin-left: auto; margin-right: auto;\" src=\"https://815393a849b74051d552-f0e6c8ff8d0647d5bbdb36d26d405888.ssl.cf2.rackcdn.com/newtheme/images/your-logo.png\" alt=\"\" width=\"236\" height=\"95\" /></span></p>\r\n<p style=\"text-align: center;\"><strong><span style=\"font-size: 10pt;\">&nbsp;</span></strong></p>\r\n<p><span style=\"font-size: 10pt;\">Dear [[first_name]],</span></p>\r\n<p><span style=\"font-size: 10pt;\">This is a reminder that a recurring payment of&nbsp;[[payment_amt]] will&nbsp;be processed on [[profile_next_bill_date]].</span></p>\r\n<p><span style=\"font-size: 10pt;\">You can <a href=\"[[recurring_payments_url]]\"><strong>login to your account</strong></a> at any time to view or manage your recurring payments.</span></p>\r\n<p><span style=\"font-size: 10pt;\">We appreciate&nbsp;your continued partnership.</span></p>\r\n<p><span style=\"font-size: 10pt;\">--</span><br /><span style=\"font-size: 10pt;\">[[shoporganization]]</span><br /><span style=\"font-size: 10pt;\">[[shopurl]]</span></p>',	0,	1,	'',	NULL,	1,	NULL,	NULL,	'2017-09-11 13:55:00',	1,	NULL,	NULL,	0,	0,	'Sent to supporters three days before a recurring payment is processed.',	'Recurring Payments'),
(15,	'sponsorship_started',	'Sponsorship: Started',	'Thank you for your sponsorship',	'[[email]]',	'',	'',	'<p style=\"text-align: center;\"><strong><img src=\"https://815393a849b74051d552-f0e6c8ff8d0647d5bbdb36d26d405888.ssl.cf2.rackcdn.com/newtheme/images/your-logo.png\" alt=\"\" width=\"236\" height=\"95\" /></strong></p>\r\n<p style=\"text-align: center;\"><strong></strong></p>\r\n<p><strong>Dear<span>&nbsp;</span><span>[[first_name]]</span>,</strong></p>\r\n<p>Thank you for your sponsorship. Your sponsorship of&nbsp;<strong><span>[[sponsorship_first_name]]&nbsp;</span></strong><span>was started on&nbsp;<strong>[[sponsorship_start_date]]</strong></span><span>.</span></p>\r\n<p>Here is some information about&nbsp;<span>[[sponsorship_first_name]]</span></p>\r\n<p style=\"text-align: center;\">[[sponsorship_image]]</p>\r\n<p style=\"text-align: center;\">[[sponsorship_bio]]</p>\r\n<p></p>\r\n<p>You can login to your account to view your sponsorship details. If you have any questions regarding your sponsorship, please do not hesitate to contact us. &nbsp;</p>\r\n<p>--<br />[[shop_organization]]<br />[[shop_url]]</p>',	0,	1,	NULL,	NULL,	1,	NULL,	NULL,	'2017-10-19 15:07:55',	1,	NULL,	NULL,	0,	0,	'Sent to sponsors when a sponsorship has begun.',	'Sponsorship'),
(16,	'sponsorship_ended',	'Sponsorship: Ended',	'Your sponsorship was ended',	'[[email]]',	'',	'',	'<p><strong><img style=\"display: block; margin-left: auto; margin-right: auto;\" src=\"https://815393a849b74051d552-f0e6c8ff8d0647d5bbdb36d26d405888.ssl.cf2.rackcdn.com/newtheme/images/your-logo.png\" alt=\"\" width=\"236\" height=\"95\" /></strong></p>\r\n<p><strong></strong></p>\r\n<p><strong>Dear<span>&nbsp;</span><span>[[first_name]]</span>,</strong></p>\r\n<p>This is to confirm that your&nbsp;sponsorship of&nbsp;<strong><span>[[sponsorship_first_name]]&nbsp;</span></strong><span>was ended&nbsp;on&nbsp;<strong>[[sponsorship_end_date]]</strong></span><span>.</span></p>\r\n<p>You can login to your account to view your sponsorship details. If you have any questions regarding your sponsorship, please do not hesitate to contact us. &nbsp;</p>\r\n<p>--<br />[[shop_organization]]<br />[[shop_url]]</p>',	0,	1,	NULL,	NULL,	1,	NULL,	NULL,	'2017-10-19 15:11:30',	1,	NULL,	NULL,	0,	0,	'Sent to sponsors when a sponsorship has ended.',	'Sponsorship'),
(17,	'sponsorship_timeline_updated',	'Sponsorship: Timeline Updated',	'Timeline updated!',	'[[email]]',	'',	'',	'<p><strong><img style=\"display: block; margin-left: auto; margin-right: auto;\" src=\"https://815393a849b74051d552-f0e6c8ff8d0647d5bbdb36d26d405888.ssl.cf2.rackcdn.com/newtheme/images/your-logo.png\" alt=\"\" width=\"236\" height=\"95\" /></strong></p>\r\n<p>&nbsp;</p>\r\n<p><strong>Dear&nbsp;[[first_name]],</strong></p>\r\n<p><strong>[[sponsorship_first_name]] \'s&nbsp;</strong>timeline has been updated.</p>\r\n<p><a href=\"[[sponsorship_url]]\">Check it out!</a></p>\r\n<p>--<br />[[shop_organization]]<br />[[shop_url]]</p>',	0,	1,	NULL,	NULL,	1,	NULL,	NULL,	NULL,	NULL,	NULL,	NULL,	0,	0,	'Sent to sponsors when the timeline of a child they are sponsoring is updated',	'Sponsorship'),
(18,	'fundraising_page_activated',	'Page Activated',	'Your Page Is LIVE!',	NULL,	NULL,	NULL,	'<p>Hi&nbsp;[[first_name]],</p>\r\n<p><strong>Congrats!&nbsp;</strong> Your page <strong>\"[[page_name]]\"</strong> is now LIVE!</p>\r\n<p>Share your link with your friends and start raising money towards your goal.</p>\r\n<p><strong>[[page_url]]</strong></p>\r\n<p>--<br />[[organization_name]]</p>',	0,	1,	'2012-01-01',	NULL,	1,	NULL,	NULL,	'2018-08-07 13:30:12',	1,	NULL,	NULL,	0,	0,	'Sent to the creator of a fundraiser when their page goes live.',	'Fundraising Pages'),
(19,	'fundraising_page_suspended',	'Page Suspended',	'Your Page Has Been Suspended',	NULL,	NULL,	NULL,	'<p>Hi&nbsp;[[first_name]],</p>\r\n<p>We regret to inform you that your page <strong>\"[[page_name]]\"</strong>&nbsp;has been suspended and removed from the site.</p>\r\n<p>If you think this was done in error, or you want to fix your page, please <a href=\"[[my_fundraising_pages_url]]\"><strong>log in</strong></a> and review your page.</p>\r\n<p>--<br />[[organization_name]]</p>',	0,	1,	'2012-01-01',	NULL,	1,	NULL,	NULL,	'2018-08-07 13:30:07',	1,	NULL,	NULL,	0,	0,	'Sent to the creator of a fundraiser when their page is suspended.',	'Fundraising Pages'),
(20,	'fundraising_page_abuse',	'Abuse Reported',	'Your Page Has Been Reported',	NULL,	NULL,	NULL,	'<p>Hi&nbsp;[[first_name]],</p>\r\n<p>Someone has reported your page,&nbsp;<strong>\"[[page_name]]\"</strong> with the following reason:</p>\r\n<p style=\"text-align: center;\"><strong>\"[[page_report_reason]]\"</strong></p>\r\n<p>Your page is at risk of being suspended.&nbsp;If you think this was done in error, or you want to fix your page, please <a href=\"[[my_fundraising_pages_url]]\"><strong>log in</strong></a> and review your page.</p>\r\n<p>--<br />[[organization_name]]</p>',	0,	1,	'2012-01-01',	NULL,	1,	NULL,	NULL,	'2018-08-07 13:29:45',	1,	NULL,	NULL,	0,	0,	'Sent to the creator of a fundraiser when their page is reported.',	'Fundraising Pages'),
(21,	'fundraising_page_donation_received',	'Donation Notification',	'Someone Donated!',	'[[email]]',	'',	'',	'<p><strong><img style=\"display: block; margin-left: auto; margin-right: auto;\" src=\"https://815393a849b74051d552-f0e6c8ff8d0647d5bbdb36d26d405888.ssl.cf2.rackcdn.com/newtheme/images/your-logo.png\" alt=\"\" width=\"236\" height=\"95\" /></strong></p>\r\n<p>&nbsp;</p>\r\n<p><strong>Hey&nbsp;[[first_name]],</strong></p>\r\n<p>A donation of <strong>[[total_amount]]</strong> was just made towards your fundraising page - [[page_name]].</p>\r\n<p>You\'ve now raised [[page_amount_raised]] towards your [[page_goal]] goal!</p>\r\n<p>&nbsp;</p><p>You can <a href=\"[[page_url]]\">click here</a> to view your page and you can edit it <a href=\"[[page_edit_url]]\">here</a>.</p><p>&nbsp;</p>\r\n<p>--<br />[[shop_organization]]<br />[[shop_url]]</p>',	0,	0,	NULL,	NULL,	1,	NULL,	NULL,	NULL,	NULL,	NULL,	NULL,	0,	0,	'Sent to the owner of a fundraising page when someone donates.',	'Fundraising Pages'),
(22,	'customer_pledge_received',	'Pledge Received: To Supporter',	'Thanks for your pledge!',	NULL,	NULL,	NULL,	'<p><strong>Dear [[bill_first_name]],</strong></p>\n<p>This email confirms that your <strong>Pledge #[[pledge_number]]</strong> for <strong>[[pledge_amount]]</strong> has been successfully received.</p>\n<p>--<br />[[organization_name]]<br />[[site_url]]</p>',	0,	0,	'2012-01-01',	NULL,	1,	'2020-08-17 21:40:49',	1,	'2020-08-17 21:47:07',	1,	NULL,	NULL,	0,	0,	'Sent to all supporters who make a pledge through your site confirming their pledge was successfully processed.',	'Contributions');

DROP TABLE IF EXISTS `external_references`;
CREATE TABLE `external_references` (
  `id` bigint(20) unsigned NOT NULL AUTO_INCREMENT,
  `referenceable_type` varchar(255) COLLATE utf8mb4_unicode_ci NOT NULL,
  `referenceable_id` bigint(20) unsigned NOT NULL,
  `type` varchar(255) COLLATE utf8mb4_unicode_ci NOT NULL,
  `service` varchar(255) COLLATE utf8mb4_unicode_ci NOT NULL,
  `reference` varchar(255) COLLATE utf8mb4_unicode_ci NOT NULL,
  `created_at` timestamp NULL DEFAULT NULL,
  `updated_at` timestamp NULL DEFAULT NULL,
  PRIMARY KEY (`id`),
  UNIQUE KEY `external_reference_unique` (`referenceable_type`,`referenceable_id`,`type`,`service`),
  KEY `external_references_referenceable_type_referenceable_id_index` (`referenceable_type`,`referenceable_id`),
  KEY `external_references_reference_index` (`reference`)
) ENGINE=InnoDB DEFAULT CHARSET=utf8mb4 COLLATE=utf8mb4_unicode_ci;


DROP TABLE IF EXISTS `failed_jobs`;
CREATE TABLE `failed_jobs` (
  `id` bigint(20) unsigned NOT NULL AUTO_INCREMENT,
  `connection` mediumtext COLLATE utf8mb4_unicode_ci NOT NULL,
  `queue` mediumtext COLLATE utf8mb4_unicode_ci NOT NULL,
  `payload` longtext COLLATE utf8mb4_unicode_ci NOT NULL,
  `exception` longtext CHARACTER SET utf8 COLLATE utf8_unicode_ci,
  `failed_at` timestamp NULL DEFAULT NULL,
  PRIMARY KEY (`id`)
) ENGINE=InnoDB DEFAULT CHARSET=utf8mb4 COLLATE=utf8mb4_unicode_ci;


DROP TABLE IF EXISTS `feature_preview_user_states`;
CREATE TABLE `feature_preview_user_states` (
  `id` bigint(20) unsigned NOT NULL AUTO_INCREMENT,
  `feature` varchar(255) COLLATE utf8mb4_unicode_ci NOT NULL,
  `enabled` tinyint(1) NOT NULL,
  `user_id` bigint(20) unsigned NOT NULL,
  `created_at` timestamp NULL DEFAULT NULL,
  `updated_at` timestamp NULL DEFAULT NULL,
  PRIMARY KEY (`id`),
  KEY `feature_preview_user_states_feature_index` (`feature`),
  KEY `feature_preview_user_states_user_id_foreign` (`user_id`),
  CONSTRAINT `feature_preview_user_states_user_id_foreign` FOREIGN KEY (`user_id`) REFERENCES `user` (`id`)
) ENGINE=InnoDB DEFAULT CHARSET=utf8mb4 COLLATE=utf8mb4_unicode_ci;


DROP TABLE IF EXISTS `feature_preview_user_state_activities`;
CREATE TABLE `feature_preview_user_state_activities` (
  `id` bigint(20) unsigned NOT NULL AUTO_INCREMENT,
  `feature` varchar(255) COLLATE utf8mb4_unicode_ci NOT NULL,
  `changes` json NOT NULL,
  `user_id` bigint(20) unsigned NOT NULL,
  `created_at` timestamp NULL DEFAULT NULL,
  `updated_at` timestamp NULL DEFAULT NULL,
  PRIMARY KEY (`id`),
  KEY `feature_preview_user_state_activities_feature_index` (`feature`),
  KEY `feature_preview_user_state_activities_user_id_foreign` (`user_id`),
  CONSTRAINT `feature_preview_user_state_activities_user_id_foreign` FOREIGN KEY (`user_id`) REFERENCES `user` (`id`)
) ENGINE=InnoDB DEFAULT CHARSET=utf8mb4 COLLATE=utf8mb4_unicode_ci;


DROP TABLE IF EXISTS `files`;
CREATE TABLE `files` (
  `id` bigint(20) unsigned NOT NULL AUTO_INCREMENT,
  `name` varchar(255) COLLATE utf8mb4_unicode_ci NOT NULL,
  `filename` varchar(255) COLLATE utf8mb4_unicode_ci NOT NULL,
  `content_type` varchar(64) COLLATE utf8mb4_unicode_ci DEFAULT NULL,
  `size` bigint(20) unsigned NOT NULL,
  `_rackspace_uid` varchar(255) COLLATE utf8mb4_unicode_ci NOT NULL,
  `_transfered` tinyint(1) DEFAULT '0',
  `created_at` datetime DEFAULT NULL,
  `created_by` int(10) unsigned DEFAULT NULL,
  `updated_by` int(10) unsigned DEFAULT NULL,
  `updated_at` datetime DEFAULT NULL,
  PRIMARY KEY (`id`),
  KEY `filename` (`filename`)
) ENGINE=InnoDB DEFAULT CHARSET=utf8mb4 COLLATE=utf8mb4_unicode_ci;


DROP TABLE IF EXISTS `fundraising_pages`;
CREATE TABLE `fundraising_pages` (
  `id` bigint(20) unsigned NOT NULL AUTO_INCREMENT,
  `product_id` bigint(20) unsigned NOT NULL,
  `member_organizer_id` bigint(20) unsigned NOT NULL,
  `status` varchar(20) COLLATE utf8mb4_unicode_ci NOT NULL DEFAULT 'draft',
  `privacy` varchar(20) COLLATE utf8mb4_unicode_ci NOT NULL DEFAULT 'private',
  `url` varchar(500) COLLATE utf8mb4_unicode_ci DEFAULT NULL,
  `title` varchar(200) COLLATE utf8mb4_unicode_ci DEFAULT NULL,
  `description` text COLLATE utf8mb4_unicode_ci,
  `description_template` int(11) DEFAULT '1',
  `video_url` varchar(512) COLLATE utf8mb4_unicode_ci DEFAULT NULL,
  `category` varchar(20) COLLATE utf8mb4_unicode_ci DEFAULT NULL,
  `photo_id` bigint(20) unsigned DEFAULT NULL,
  `goal_deadline` date DEFAULT NULL,
  `goal_amount` decimal(19,4) DEFAULT NULL,
  `is_team` tinyint(1) NOT NULL DEFAULT '0',
  `team_name` varchar(200) COLLATE utf8mb4_unicode_ci DEFAULT NULL,
  `team_photo_id` bigint(20) unsigned DEFAULT NULL,
  `public_attributions_enabled` tinyint(1) NOT NULL DEFAULT '0',
  `donor_comments_enabled` tinyint(1) NOT NULL DEFAULT '0',
  `public_comments_enabled` tinyint(1) NOT NULL DEFAULT '0',
  `allow_donations` tinyint(1) NOT NULL DEFAULT '0',
  `amount_raised` decimal(19,4) NOT NULL DEFAULT '0.0000',
  `amount_raised_offset` decimal(19,4) DEFAULT '0.0000',
  `donation_count` int(11) NOT NULL DEFAULT '0',
  `donation_count_offset` int(11) DEFAULT '0',
  `currency_code` char(3) COLLATE utf8mb4_unicode_ci DEFAULT NULL,
  `functional_currency_code` char(3) COLLATE utf8mb4_unicode_ci DEFAULT NULL,
  `functional_goal_amount` decimal(19,4) NOT NULL DEFAULT '0.0000',
  `functional_amount_raised` decimal(19,4) NOT NULL DEFAULT '0.0000',
  `report_count` int(11) NOT NULL DEFAULT '0',
  `progress_percent` decimal(8,4) NOT NULL DEFAULT '0.0000',
  `thank_you_email_subject` varchar(200) COLLATE utf8mb4_unicode_ci DEFAULT NULL,
  `thank_you_email_body` text COLLATE utf8mb4_unicode_ci,
  `activated_date` date DEFAULT NULL,
  `guidelines_accepted_at` datetime DEFAULT NULL,
  `created_at` datetime NOT NULL,
  `created_by` bigint(20) unsigned NOT NULL,
  `updated_at` datetime NOT NULL,
  `updated_by` bigint(20) unsigned NOT NULL,
  `deleted_at` datetime DEFAULT NULL,
  `deleted_by` bigint(20) unsigned DEFAULT NULL,
  PRIMARY KEY (`id`),
  KEY `product_id` (`product_id`),
  KEY `member_organizer_id` (`member_organizer_id`),
  KEY `photo_id` (`photo_id`),
  KEY `team_photo_id` (`team_photo_id`),
  KEY `created_by` (`created_by`),
  KEY `updated_by` (`updated_by`),
  KEY `deleted_by` (`deleted_by`),
  CONSTRAINT `fundraising_pages_ibfk_1` FOREIGN KEY (`product_id`) REFERENCES `product` (`id`),
  CONSTRAINT `fundraising_pages_ibfk_3` FOREIGN KEY (`member_organizer_id`) REFERENCES `member` (`id`),
  CONSTRAINT `fundraising_pages_ibfk_4` FOREIGN KEY (`photo_id`) REFERENCES `media` (`id`),
  CONSTRAINT `fundraising_pages_ibfk_5` FOREIGN KEY (`team_photo_id`) REFERENCES `media` (`id`),
  CONSTRAINT `fundraising_pages_ibfk_6` FOREIGN KEY (`created_by`) REFERENCES `user` (`id`),
  CONSTRAINT `fundraising_pages_ibfk_7` FOREIGN KEY (`updated_by`) REFERENCES `user` (`id`),
  CONSTRAINT `fundraising_pages_ibfk_8` FOREIGN KEY (`deleted_by`) REFERENCES `user` (`id`)
) ENGINE=InnoDB DEFAULT CHARSET=utf8mb4 COLLATE=utf8mb4_unicode_ci;


DROP TABLE IF EXISTS `fundraising_page_members`;
CREATE TABLE `fundraising_page_members` (
  `id` bigint(20) unsigned NOT NULL AUTO_INCREMENT,
  `fundraising_page_id` bigint(20) unsigned NOT NULL,
  `member_id` bigint(20) unsigned NOT NULL,
  `amount_raised` decimal(19,4) DEFAULT '0.0000',
  `donation_count` int(11) NOT NULL DEFAULT '0',
  PRIMARY KEY (`id`),
  KEY `fundraising_page_id` (`fundraising_page_id`),
  KEY `member_id` (`member_id`),
  CONSTRAINT `fundraising_page_members_ibfk_1` FOREIGN KEY (`fundraising_page_id`) REFERENCES `fundraising_pages` (`id`),
  CONSTRAINT `fundraising_page_members_ibfk_2` FOREIGN KEY (`member_id`) REFERENCES `member` (`id`)
) ENGINE=InnoDB DEFAULT CHARSET=utf8mb4 COLLATE=utf8mb4_unicode_ci;


DROP TABLE IF EXISTS `fundraising_page_reports`;
CREATE TABLE `fundraising_page_reports` (
  `id` bigint(20) unsigned NOT NULL AUTO_INCREMENT,
  `fundraising_page_id` bigint(20) unsigned NOT NULL,
  `member_id` bigint(20) unsigned DEFAULT NULL,
  `reason` varchar(200) COLLATE utf8mb4_unicode_ci DEFAULT NULL,
  `reported_at` datetime NOT NULL,
  PRIMARY KEY (`id`),
  KEY `fundraising_page_id` (`fundraising_page_id`),
  KEY `member_id` (`member_id`),
  CONSTRAINT `fundraising_page_reports_ibfk_1` FOREIGN KEY (`fundraising_page_id`) REFERENCES `fundraising_pages` (`id`),
  CONSTRAINT `fundraising_page_reports_ibfk_2` FOREIGN KEY (`member_id`) REFERENCES `member` (`id`)
) ENGINE=InnoDB DEFAULT CHARSET=utf8mb4 COLLATE=utf8mb4_unicode_ci;


DROP TABLE IF EXISTS `group_account`;
CREATE TABLE `group_account` (
  `id` bigint(20) unsigned NOT NULL AUTO_INCREMENT,
  `group_id` int(10) unsigned NOT NULL,
  `account_id` int(10) unsigned NOT NULL,
  `group_account_timespan_id` bigint(20) unsigned DEFAULT NULL,
  `start_date` date DEFAULT NULL,
  `end_date` date DEFAULT NULL,
  `order_item_id` int(10) unsigned DEFAULT NULL,
  `source` varchar(50) COLLATE utf8mb4_unicode_ci DEFAULT NULL,
  `end_reason` varchar(50) COLLATE utf8mb4_unicode_ci DEFAULT NULL,
  PRIMARY KEY (`id`),
  KEY `group_account_group_account_timespan_id_foreign` (`group_account_timespan_id`),
  CONSTRAINT `group_account_group_account_timespan_id_foreign` FOREIGN KEY (`group_account_timespan_id`) REFERENCES `group_account_timespan` (`id`) ON DELETE SET NULL ON UPDATE CASCADE
) ENGINE=InnoDB DEFAULT CHARSET=utf8mb4 COLLATE=utf8mb4_unicode_ci;


DROP TABLE IF EXISTS `group_account_timespan`;
CREATE TABLE `group_account_timespan` (
  `id` bigint(20) unsigned NOT NULL AUTO_INCREMENT,
  `group_id` int(10) unsigned NOT NULL,
  `account_id` int(10) unsigned NOT NULL,
  `start_date` date DEFAULT NULL,
  `end_date` date DEFAULT NULL,
  `created_at` timestamp NULL DEFAULT NULL,
  `updated_at` timestamp NULL DEFAULT NULL,
  PRIMARY KEY (`id`)
) ENGINE=InnoDB DEFAULT CHARSET=utf8mb4 COLLATE=utf8mb4_unicode_ci;


DROP TABLE IF EXISTS `hooks`;
CREATE TABLE `hooks` (
  `id` bigint(20) unsigned NOT NULL AUTO_INCREMENT,
  `active` tinyint(1) unsigned NOT NULL DEFAULT '0',
  `payload_url` varchar(255) COLLATE utf8mb4_unicode_ci NOT NULL DEFAULT '',
  `content_type` varchar(128) COLLATE utf8mb4_unicode_ci NOT NULL DEFAULT 'application/json',
  `secret` varchar(255) COLLATE utf8mb4_unicode_ci DEFAULT NULL,
  `insecure_ssl` tinyint(1) unsigned NOT NULL DEFAULT '0',
  `created_at` datetime NOT NULL,
  `updated_at` datetime NOT NULL,
  `deleted_at` timestamp NULL DEFAULT NULL,
  PRIMARY KEY (`id`)
) ENGINE=InnoDB DEFAULT CHARSET=utf8mb4 COLLATE=utf8mb4_unicode_ci;


DROP TABLE IF EXISTS `hook_deliveries`;
CREATE TABLE `hook_deliveries` (
  `id` bigint(20) unsigned NOT NULL AUTO_INCREMENT,
  `event` varchar(255) COLLATE utf8mb4_unicode_ci NOT NULL DEFAULT 'order_completed',
  `hook_id` bigint(20) unsigned NOT NULL,
  `guid` varchar(40) COLLATE utf8mb4_unicode_ci NOT NULL,
  `req_headers` mediumtext COLLATE utf8mb4_unicode_ci NOT NULL,
  `req_body` mediumtext COLLATE utf8mb4_unicode_ci NOT NULL,
  `res_status` int(11) NOT NULL,
  `res_headers` mediumtext COLLATE utf8mb4_unicode_ci NOT NULL,
  `res_body` mediumtext COLLATE utf8mb4_unicode_ci NOT NULL,
  `completed_in` float NOT NULL,
  `delivered_at` datetime NOT NULL,
  PRIMARY KEY (`id`),
  KEY `hook_id` (`hook_id`),
  CONSTRAINT `hook_deliveries_ibfk_1` FOREIGN KEY (`hook_id`) REFERENCES `hooks` (`id`)
) ENGINE=InnoDB DEFAULT CHARSET=utf8mb4 COLLATE=utf8mb4_unicode_ci;


DROP TABLE IF EXISTS `hook_events`;
CREATE TABLE `hook_events` (
  `id` bigint(20) unsigned NOT NULL AUTO_INCREMENT,
  `name` varchar(255) COLLATE utf8mb4_unicode_ci NOT NULL,
  `hook_id` bigint(20) unsigned NOT NULL,
  PRIMARY KEY (`id`),
  KEY `hook_events_name_index` (`name`),
  KEY `hook_events_hook_id_index` (`hook_id`)
) ENGINE=InnoDB DEFAULT CHARSET=utf8mb4 COLLATE=utf8mb4_unicode_ci;


DROP TABLE IF EXISTS `imports`;
CREATE TABLE `imports` (
  `id` bigint(20) unsigned NOT NULL AUTO_INCREMENT,
  `import_type` varchar(45) COLLATE utf8mb4_unicode_ci NOT NULL,
  `stage` varchar(20) COLLATE utf8mb4_unicode_ci NOT NULL DEFAULT 'analysis_queue',
  `name` varchar(120) COLLATE utf8mb4_unicode_ci DEFAULT NULL,
  `media_id` bigint(20) unsigned DEFAULT NULL,
  `file_name` varchar(520) COLLATE utf8mb4_unicode_ci DEFAULT NULL,
  `file_path` varchar(255) COLLATE utf8mb4_unicode_ci DEFAULT NULL,
  `field_mapping` json DEFAULT NULL,
  `file_has_headers` tinyint(1) NOT NULL DEFAULT '1',
  `file_infos` json DEFAULT NULL,
  `is_complete` tinyint(1) NOT NULL DEFAULT '0',
  `total_records` int(10) DEFAULT NULL,
  `current_record` int(10) NOT NULL DEFAULT '0',
  `added_records` int(10) DEFAULT NULL,
  `updated_records` int(10) DEFAULT NULL,
  `skipped_records` int(10) DEFAULT NULL,
  `error_records` int(10) DEFAULT NULL,
  `started_at` datetime DEFAULT NULL,
  `ended_at` datetime DEFAULT NULL,
  `created_at` datetime DEFAULT NULL,
  `created_by` int(10) unsigned DEFAULT NULL,
  `updated_at` datetime DEFAULT NULL,
  `updated_by` int(10) unsigned DEFAULT NULL,
  `import_messages` longtext COLLATE utf8mb4_unicode_ci,
  `import_messages_count` int(11) NOT NULL DEFAULT '0',
  `status_message` varchar(500) COLLATE utf8mb4_unicode_ci DEFAULT NULL,
  `analysis_started_at` datetime DEFAULT NULL,
  `analysis_ended_at` datetime DEFAULT NULL,
  `analysis_messages` longtext COLLATE utf8mb4_unicode_ci,
  `analyzed_ok_records` int(11) NOT NULL DEFAULT '0',
  `analyzed_warning_records` int(11) NOT NULL DEFAULT '0',
  PRIMARY KEY (`id`),
  KEY `imports_media_id_foreign` (`media_id`),
  CONSTRAINT `imports_media_id_foreign` FOREIGN KEY (`media_id`) REFERENCES `media` (`id`)
) ENGINE=InnoDB DEFAULT CHARSET=utf8mb4 COLLATE=utf8mb4_unicode_ci;


DROP TABLE IF EXISTS `jobs`;
CREATE TABLE `jobs` (
  `id` bigint(20) unsigned NOT NULL AUTO_INCREMENT,
  `queue` varchar(255) COLLATE utf8mb4_unicode_ci NOT NULL,
  `payload` longtext COLLATE utf8mb4_unicode_ci NOT NULL,
  `attempts` tinyint(3) unsigned NOT NULL,
  `reserved_at` int(10) unsigned DEFAULT NULL,
  `available_at` int(10) unsigned NOT NULL,
  `created_at` int(10) unsigned NOT NULL,
  PRIMARY KEY (`id`),
  KEY `jobs_queue_reserved_at_index` (`queue`,`reserved_at`)
) ENGINE=InnoDB DEFAULT CHARSET=utf8mb4 COLLATE=utf8mb4_unicode_ci;


DROP TABLE IF EXISTS `kiosks`;
CREATE TABLE `kiosks` (
  `id` bigint(20) unsigned NOT NULL AUTO_INCREMENT,
  `enabled` tinyint(1) unsigned NOT NULL DEFAULT '1',
  `name` varchar(191) COLLATE utf8mb4_unicode_ci NOT NULL,
  `product_id` bigint(20) unsigned NOT NULL,
  `config` longtext COLLATE utf8mb4_unicode_ci,
  `created_at` datetime DEFAULT NULL,
  `updated_at` datetime DEFAULT NULL,
  `deleted_at` datetime DEFAULT NULL,
  PRIMARY KEY (`id`),
  KEY `product_id` (`product_id`),
  CONSTRAINT `kiosks_ibfk_1` FOREIGN KEY (`product_id`) REFERENCES `product` (`id`)
) ENGINE=InnoDB DEFAULT CHARSET=utf8mb4 COLLATE=utf8mb4_unicode_ci;


DROP TABLE IF EXISTS `kiosk_sessions`;
CREATE TABLE `kiosk_sessions` (
  `id` bigint(20) unsigned NOT NULL AUTO_INCREMENT,
  `kiosk_id` bigint(20) unsigned NOT NULL,
  `user_id` bigint(20) unsigned NOT NULL,
  `last_activity` datetime DEFAULT NULL,
  `device_platform` varchar(191) COLLATE utf8mb4_unicode_ci NOT NULL,
  `device_uuid` varchar(191) COLLATE utf8mb4_unicode_ci DEFAULT NULL,
  `device_manufacturer` varchar(191) COLLATE utf8mb4_unicode_ci DEFAULT NULL,
  `device_model` varchar(191) COLLATE utf8mb4_unicode_ci DEFAULT NULL,
  `device_version` varchar(191) COLLATE utf8mb4_unicode_ci DEFAULT NULL,
  `ip` varchar(39) COLLATE utf8mb4_unicode_ci NOT NULL,
  `created_at` datetime DEFAULT NULL,
  `updated_at` datetime DEFAULT NULL,
  PRIMARY KEY (`id`),
  KEY `kiosk_id` (`kiosk_id`),
  KEY `user_id` (`user_id`),
  CONSTRAINT `kiosk_sessions_ibfk_1` FOREIGN KEY (`kiosk_id`) REFERENCES `kiosks` (`id`),
  CONSTRAINT `kiosk_sessions_ibfk_2` FOREIGN KEY (`user_id`) REFERENCES `user` (`id`)
) ENGINE=InnoDB DEFAULT CHARSET=utf8mb4 COLLATE=utf8mb4_unicode_ci;


DROP TABLE IF EXISTS `ledger_entries`;
CREATE TABLE `ledger_entries` (
  `id` bigint(20) unsigned NOT NULL AUTO_INCREMENT,
  `type` varchar(255) COLLATE utf8mb4_unicode_ci DEFAULT 'Line Item',
  `captured_at` datetime NOT NULL,
  `amount` decimal(19,4) NOT NULL DEFAULT '0.0000',
  `qty` int(11) NOT NULL DEFAULT '0',
  `discount` decimal(19,4) NOT NULL DEFAULT '0.0000',
  `original_amount` decimal(19,4) NOT NULL DEFAULT '0.0000',
  `gl_account` varchar(255) COLLATE utf8mb4_unicode_ci DEFAULT NULL,
  `ledgerable_type` varchar(255) COLLATE utf8mb4_unicode_ci NOT NULL,
  `ledgerable_id` bigint(20) unsigned NOT NULL,
  `order_id` bigint(20) unsigned DEFAULT NULL,
  `item_id` bigint(20) unsigned DEFAULT NULL,
  `sponsorship_id` bigint(20) unsigned DEFAULT NULL,
  `supporter_id` bigint(20) unsigned DEFAULT NULL,
  `fundraising_page_id` bigint(20) unsigned DEFAULT NULL,
  `created_at` timestamp NULL DEFAULT NULL,
  `updated_at` timestamp NULL DEFAULT NULL,
  `deleted_at` timestamp NULL DEFAULT NULL,
  PRIMARY KEY (`id`),
  KEY `ledger_entries_ledgerable_type_ledgerable_id_index` (`ledgerable_type`,`ledgerable_id`),
  KEY `ledger_entries_order_id_foreign` (`order_id`),
  KEY `ledger_entries_item_id_foreign` (`item_id`),
  KEY `ledger_entries_sponsorship_id_foreign` (`sponsorship_id`),
  KEY `ledger_entries_supporter_id_foreign` (`supporter_id`),
  KEY `ledger_entries_fundraising_page_id_foreign` (`fundraising_page_id`),
  CONSTRAINT `ledger_entries_fundraising_page_id_foreign` FOREIGN KEY (`fundraising_page_id`) REFERENCES `fundraising_pages` (`id`),
  CONSTRAINT `ledger_entries_item_id_foreign` FOREIGN KEY (`item_id`) REFERENCES `productorderitem` (`id`),
  CONSTRAINT `ledger_entries_order_id_foreign` FOREIGN KEY (`order_id`) REFERENCES `productorder` (`id`),
  CONSTRAINT `ledger_entries_supporter_id_foreign` FOREIGN KEY (`supporter_id`) REFERENCES `member` (`id`)
) ENGINE=InnoDB DEFAULT CHARSET=utf8mb4 COLLATE=utf8mb4_unicode_ci;


DROP TABLE IF EXISTS `media`;
CREATE TABLE `media` (
  `id` bigint(20) unsigned NOT NULL AUTO_INCREMENT,
  `parent_id` bigint(20) unsigned DEFAULT NULL,
  `collection_name` varchar(64) COLLATE utf8mb4_unicode_ci NOT NULL,
  `name` varchar(255) COLLATE utf8mb4_unicode_ci NOT NULL,
  `filename` varchar(255) COLLATE utf8mb4_unicode_ci NOT NULL,
  `content_type` varchar(64) COLLATE utf8mb4_unicode_ci DEFAULT NULL,
  `size` int(11) unsigned NOT NULL,
  `caption` varchar(255) COLLATE utf8mb4_unicode_ci DEFAULT NULL,
  `_image_id` int(11) unsigned DEFAULT NULL,
  `_rackspace_uid` varchar(255) COLLATE utf8mb4_unicode_ci DEFAULT NULL,
  `_transfered` tinyint(1) unsigned DEFAULT '0',
  `created_at` timestamp NULL DEFAULT NULL,
  `created_by` int(11) NOT NULL,
  `updated_at` timestamp NULL DEFAULT NULL,
  `updated_by` int(11) NOT NULL,
  PRIMARY KEY (`id`),
  KEY `parent_id` (`parent_id`),
  CONSTRAINT `media_ibfk_1` FOREIGN KEY (`parent_id`) REFERENCES `media` (`id`) ON DELETE CASCADE
) ENGINE=InnoDB DEFAULT CHARSET=utf8mb4 COLLATE=utf8mb4_unicode_ci;


DROP TABLE IF EXISTS `mediables`;
CREATE TABLE `mediables` (
  `media_id` int(11) unsigned NOT NULL,
  `mediable_id` int(11) unsigned DEFAULT NULL,
  `mediable_type` varchar(128) COLLATE utf8mb4_unicode_ci NOT NULL,
  UNIQUE KEY `media_id_mediable_id_mediable_type` (`media_id`,`mediable_id`,`mediable_type`)
) ENGINE=InnoDB DEFAULT CHARSET=utf8mb4 COLLATE=utf8mb4_unicode_ci;


DROP TABLE IF EXISTS `member`;
CREATE TABLE `member` (
  `id` bigint(20) unsigned NOT NULL AUTO_INCREMENT,
  `display_name` varchar(45) COLLATE utf8mb4_unicode_ci DEFAULT NULL,
  `title` varchar(45) COLLATE utf8mb4_unicode_ci DEFAULT NULL,
  `first_name` varchar(45) COLLATE utf8mb4_unicode_ci DEFAULT NULL,
  `last_name` varchar(45) COLLATE utf8mb4_unicode_ci DEFAULT NULL,
  `email` varchar(45) COLLATE utf8mb4_unicode_ci DEFAULT NULL,
  `password` varchar(500) COLLATE utf8mb4_unicode_ci DEFAULT NULL,
  `remember_token` varchar(255) COLLATE utf8mb4_unicode_ci DEFAULT NULL,
  `access` varchar(500) COLLATE utf8mb4_unicode_ci DEFAULT 'member',
  `ship_title` varchar(45) COLLATE utf8mb4_unicode_ci DEFAULT NULL,
  `ship_first_name` varchar(45) COLLATE utf8mb4_unicode_ci DEFAULT NULL,
  `ship_last_name` varchar(45) COLLATE utf8mb4_unicode_ci DEFAULT NULL,
  `ship_organization_name` varchar(100) COLLATE utf8mb4_unicode_ci DEFAULT NULL,
  `ship_email` varchar(45) COLLATE utf8mb4_unicode_ci DEFAULT NULL,
  `ship_address_01` varchar(450) COLLATE utf8mb4_unicode_ci DEFAULT NULL,
  `ship_address_02` varchar(450) COLLATE utf8mb4_unicode_ci DEFAULT NULL,
  `ship_city` varchar(200) COLLATE utf8mb4_unicode_ci DEFAULT NULL,
  `ship_state` varchar(45) COLLATE utf8mb4_unicode_ci DEFAULT NULL,
  `ship_zip` varchar(45) COLLATE utf8mb4_unicode_ci DEFAULT NULL,
  `ship_country` varchar(200) COLLATE utf8mb4_unicode_ci DEFAULT NULL,
  `ship_phone` varchar(45) COLLATE utf8mb4_unicode_ci DEFAULT NULL,
  `bill_title` varchar(45) COLLATE utf8mb4_unicode_ci DEFAULT NULL,
  `bill_first_name` varchar(45) COLLATE utf8mb4_unicode_ci DEFAULT NULL,
  `bill_last_name` varchar(45) COLLATE utf8mb4_unicode_ci DEFAULT NULL,
  `bill_organization_name` varchar(100) COLLATE utf8mb4_unicode_ci DEFAULT NULL,
  `bill_email` varchar(45) COLLATE utf8mb4_unicode_ci DEFAULT NULL,
  `bill_address_01` varchar(450) COLLATE utf8mb4_unicode_ci DEFAULT NULL,
  `bill_address_02` varchar(450) COLLATE utf8mb4_unicode_ci DEFAULT NULL,
  `bill_city` varchar(200) COLLATE utf8mb4_unicode_ci DEFAULT NULL,
  `bill_state` varchar(45) COLLATE utf8mb4_unicode_ci DEFAULT NULL,
  `bill_zip` varchar(45) COLLATE utf8mb4_unicode_ci DEFAULT NULL,
  `bill_country` varchar(200) COLLATE utf8mb4_unicode_ci DEFAULT NULL,
  `bill_phone` varchar(45) COLLATE utf8mb4_unicode_ci DEFAULT NULL,
  `bill_phone_e164` varchar(45) COLLATE utf8mb4_unicode_ci DEFAULT NULL,
  `language` varchar(255) COLLATE utf8mb4_unicode_ci DEFAULT NULL,
  `timezone` varchar(255) COLLATE utf8mb4_unicode_ci DEFAULT NULL,
  `currency_code` char(3) COLLATE utf8mb4_unicode_ci DEFAULT NULL,
  `sms_verified` tinyint(1) NOT NULL DEFAULT '0',
  `email_opt_in_deprecated` tinyint(1) NOT NULL DEFAULT '0',
  `is_active` tinyint(1) NOT NULL DEFAULT '1',
  `verified_status` varchar(255) COLLATE utf8mb4_unicode_ci DEFAULT NULL,
  `donor_id` int(11) DEFAULT NULL,
  `infusionsoft_contact_id` bigint(20) unsigned DEFAULT NULL,
  `authorizenet_customer_id` varchar(40) COLLATE utf8mb4_unicode_ci DEFAULT NULL,
  `braintree_customer_id` varchar(64) COLLATE utf8mb4_unicode_ci DEFAULT NULL,
  `paypal_payer_id` varchar(40) COLLATE utf8mb4_unicode_ci DEFAULT NULL,
  `paysafe_profile_id` varchar(40) COLLATE utf8mb4_unicode_ci DEFAULT NULL,
  `stripe_customer_id` varchar(64) COLLATE utf8mb4_unicode_ci DEFAULT NULL,
  `vanco_customer_ref` varchar(40) COLLATE utf8mb4_unicode_ci DEFAULT NULL,
  `force_password_reset` tinyint(1) NOT NULL DEFAULT '0',
  `account_type_id` bigint(20) unsigned DEFAULT NULL,
  `_drop_membership_id` int(11) DEFAULT NULL,
  `created_at` datetime DEFAULT NULL,
  `created_by` int(11) DEFAULT NULL,
  `updated_at` datetime DEFAULT NULL,
  `updated_by` bigint(20) unsigned DEFAULT NULL,
  `sync_status` int(11) NOT NULL DEFAULT '-1',
  `sign_up_method` varchar(45) COLLATE utf8mb4_unicode_ci DEFAULT 'checkout',
  `_drop_membership_expires_on` datetime DEFAULT NULL,
  `referral_source` varchar(45) COLLATE utf8mb4_unicode_ci DEFAULT NULL,
  `nps` tinyint(2) DEFAULT NULL,
  `referred_by` bigint(20) unsigned DEFAULT NULL,
  `first_payment_at` datetime DEFAULT NULL,
  `last_payment_at` datetime DEFAULT NULL,
  `lifetime_donation_amount` decimal(19,4) NOT NULL DEFAULT '0.0000',
  `lifetime_donation_count` int(11) NOT NULL DEFAULT '0',
  `lifetime_purchase_amount` decimal(19,4) NOT NULL DEFAULT '0.0000',
  `lifetime_purchase_count` int(11) NOT NULL DEFAULT '0',
  `lifetime_fundraising_amount` decimal(19,4) NOT NULL DEFAULT '0.0000',
  `lifetime_fundraising_count` int(11) NOT NULL DEFAULT '0',
  PRIMARY KEY (`id`),
  KEY `created_by` (`created_by`),
  KEY `updated_by` (`updated_by`),
  KEY `membership_id` (`_drop_membership_id`),
  KEY `account_type_id` (`account_type_id`),
  KEY `bill_phone_e164` (`bill_phone_e164`),
  KEY `ix_member_referred_by` (`referred_by`),
  CONSTRAINT `member_ibfk_2` FOREIGN KEY (`updated_by`) REFERENCES `user` (`id`),
  CONSTRAINT `member_ibfk_4` FOREIGN KEY (`account_type_id`) REFERENCES `account_types` (`id`),
  CONSTRAINT `member_referred_by_ibfk_1` FOREIGN KEY (`referred_by`) REFERENCES `member` (`id`)
) ENGINE=InnoDB DEFAULT CHARSET=utf8mb4 COLLATE=utf8mb4_unicode_ci;


DROP TABLE IF EXISTS `membership`;
CREATE TABLE `membership` (
  `id` bigint(20) unsigned NOT NULL AUTO_INCREMENT,
  `sequence` int(11) DEFAULT NULL,
  `name` varchar(250) COLLATE utf8mb4_unicode_ci DEFAULT NULL,
  `description` text COLLATE utf8mb4_unicode_ci,
  `default_promo_code` varchar(45) COLLATE utf8mb4_unicode_ci DEFAULT NULL,
  `default_url` varchar(500) COLLATE utf8mb4_unicode_ci DEFAULT NULL,
  `renewal_url` varchar(500) COLLATE utf8mb4_unicode_ci DEFAULT NULL,
  `days_to_expire` int(11) DEFAULT NULL,
  `show_in_profile` tinyint(1) NOT NULL DEFAULT '1',
  `public_name` varchar(255) COLLATE utf8mb4_unicode_ci DEFAULT NULL,
  `public_description` varchar(255) COLLATE utf8mb4_unicode_ci DEFAULT NULL,
  `members_can_manage_optin` tinyint(1) NOT NULL DEFAULT '0',
  `members_can_manage_optout` tinyint(1) NOT NULL DEFAULT '0',
  `members_can_view_directory` tinyint(1) NOT NULL DEFAULT '0',
  `double_optin_required` tinyint(1) NOT NULL DEFAULT '0',
  `dp_id` varchar(50) COLLATE utf8mb4_unicode_ci DEFAULT NULL,
  `created_by` bigint(20) unsigned DEFAULT NULL,
  `created_at` datetime DEFAULT NULL,
  `updated_by` bigint(20) unsigned DEFAULT NULL,
  `updated_at` datetime DEFAULT NULL,
  `deleted_at` datetime DEFAULT NULL,
  `deleted_by` int(10) unsigned DEFAULT NULL,
  `starts_at` datetime DEFAULT NULL,
  `should_display_badge` tinyint(1) NOT NULL DEFAULT '0',
  PRIMARY KEY (`id`),
  KEY `created_by` (`created_by`),
  KEY `updated_by` (`updated_by`),
  CONSTRAINT `membership_ibfk_1` FOREIGN KEY (`created_by`) REFERENCES `user` (`id`),
  CONSTRAINT `membership_ibfk_2` FOREIGN KEY (`updated_by`) REFERENCES `user` (`id`)
) ENGINE=InnoDB DEFAULT CHARSET=utf8mb4 COLLATE=utf8mb4_unicode_ci;

INSERT INTO `membership` (`id`, `sequence`, `name`, `description`, `default_promo_code`, `default_url`, `renewal_url`, `days_to_expire`, `show_in_profile`, `public_name`, `public_description`, `members_can_manage_optin`, `members_can_manage_optout`, `members_can_view_directory`, `double_optin_required`, `dp_id`, `created_by`, `created_at`, `updated_by`, `updated_at`, `deleted_at`, `deleted_by`, `starts_at`, `should_display_badge`) VALUES
(1,	NULL,	'Sample Annual Membership',	NULL,	NULL,	NULL,	NULL,	365,	1,	'General Annual Membership',	NULL,	0,	0,	0,	0,	'',	1,	'2019-09-17 04:49:13',	1,	'2019-09-17 04:49:13',	NULL,	NULL,	NULL,	1);

DROP TABLE IF EXISTS `membership_access`;
CREATE TABLE `membership_access` (
  `id` bigint(20) unsigned NOT NULL AUTO_INCREMENT,
  `membership_id` bigint(20) unsigned DEFAULT NULL,
  `parent_type` varchar(45) COLLATE utf8mb4_unicode_ci DEFAULT NULL,
  `parent_id` int(11) DEFAULT NULL,
  PRIMARY KEY (`id`),
  KEY `ix_membership_access_membership_id` (`membership_id`),
  KEY `ix_membership_access_parent_type` (`parent_type`,`parent_id`) USING HASH,
  CONSTRAINT `membership_access_ibfk_1` FOREIGN KEY (`membership_id`) REFERENCES `membership` (`id`)
) ENGINE=InnoDB DEFAULT CHARSET=utf8mb4 COLLATE=utf8mb4_unicode_ci;


DROP TABLE IF EXISTS `membership_promocodes`;
CREATE TABLE `membership_promocodes` (
  `id` bigint(20) unsigned NOT NULL AUTO_INCREMENT,
  `membership_id` int(10) unsigned NOT NULL,
  `promocode` varchar(45) COLLATE utf8mb4_unicode_ci DEFAULT NULL,
  PRIMARY KEY (`id`)
) ENGINE=InnoDB DEFAULT CHARSET=utf8mb4 COLLATE=utf8mb4_unicode_ci;


DROP TABLE IF EXISTS `member_login`;
CREATE TABLE `member_login` (
  `id` bigint(20) unsigned NOT NULL AUTO_INCREMENT,
  `member_id` bigint(20) unsigned DEFAULT NULL,
  `user_agent` varchar(500) COLLATE utf8mb4_unicode_ci DEFAULT NULL,
  `ip` varchar(45) COLLATE utf8mb4_unicode_ci DEFAULT NULL,
  `login_at` datetime DEFAULT NULL,
  `impersonated_by` int(11) DEFAULT NULL,
  PRIMARY KEY (`id`),
  KEY `member_id` (`member_id`),
  CONSTRAINT `member_login_ibfk_2` FOREIGN KEY (`member_id`) REFERENCES `member` (`id`) ON DELETE CASCADE
) ENGINE=InnoDB DEFAULT CHARSET=utf8mb4 COLLATE=utf8mb4_unicode_ci;


DROP TABLE IF EXISTS `member_optin_logs`;
CREATE TABLE `member_optin_logs` (
  `id` bigint(20) unsigned NOT NULL AUTO_INCREMENT,
  `action` varchar(255) COLLATE utf8mb4_unicode_ci NOT NULL,
  `reason` text COLLATE utf8mb4_unicode_ci,
  `source` varchar(255) COLLATE utf8mb4_unicode_ci DEFAULT NULL,
  `ip` varchar(45) COLLATE utf8mb4_unicode_ci DEFAULT NULL,
  `user_agent` varchar(500) COLLATE utf8mb4_unicode_ci DEFAULT NULL,
  `member_id` bigint(20) unsigned NOT NULL,
  `created_at` timestamp NULL DEFAULT NULL,
  `updated_at` timestamp NULL DEFAULT NULL,
  PRIMARY KEY (`id`),
  KEY `member_optin_logs_member_id_foreign` (`member_id`),
  CONSTRAINT `member_optin_logs_member_id_foreign` FOREIGN KEY (`member_id`) REFERENCES `member` (`id`) ON DELETE CASCADE
) ENGINE=InnoDB DEFAULT CHARSET=utf8mb4 COLLATE=utf8mb4_unicode_ci;


DROP TABLE IF EXISTS `metadata`;
CREATE TABLE `metadata` (
  `id` bigint(20) unsigned NOT NULL AUTO_INCREMENT,
  `metadatable_type` varchar(255) COLLATE utf8mb4_unicode_ci NOT NULL,
  `metadatable_id` bigint(20) unsigned NOT NULL,
  `key` varchar(255) COLLATE utf8mb4_unicode_ci DEFAULT NULL,
  `type` varchar(255) COLLATE utf8mb4_unicode_ci DEFAULT NULL,
  `value` longtext COLLATE utf8mb4_unicode_ci,
  `encrypted` tinyint(1) NOT NULL DEFAULT '0',
  `created_at` timestamp NULL DEFAULT NULL,
  `updated_at` timestamp NULL DEFAULT NULL,
  PRIMARY KEY (`id`),
  KEY `metadatable_id_metadatable_type` (`metadatable_id`,`metadatable_type`(191))
) ENGINE=InnoDB DEFAULT CHARSET=utf8mb4 COLLATE=utf8mb4_unicode_ci;

INSERT INTO `metadata` (`id`, `metadatable_type`, `metadatable_id`, `key`, `type`, `value`, `encrypted`, `created_at`, `updated_at`) VALUES
(1,	'Ds\\Models\\Node',	6,	'event_subtitle',	'null',	NULL,	0,	'2019-06-28 02:13:39',	'2019-06-28 02:13:39'),
(2,	'Ds\\Models\\Node',	6,	'sharing',	'bool',	'0',	0,	'2019-06-28 02:13:39',	'2019-06-28 02:13:39'),
(3,	'Ds\\Models\\Node',	6,	'show_details',	'bool',	'1',	0,	'2019-06-28 02:13:39',	'2019-06-28 02:13:39'),
(4,	'Ds\\Models\\Node',	6,	'first_panel_heading',	'string',	'Date & Time',	0,	'2019-06-28 02:13:39',	'2019-06-28 02:13:39'),
(5,	'Ds\\Models\\Node',	6,	'first_panel_icon',	'string',	'fa-calendar-o',	0,	'2019-06-28 02:13:39',	'2019-06-28 02:13:39'),
(6,	'Ds\\Models\\Node',	6,	'first_panel_content',	'null',	NULL,	0,	'2019-06-28 02:13:39',	'2019-06-28 02:13:39'),
(7,	'Ds\\Models\\Node',	6,	'second_panel_heading',	'string',	'Location',	0,	'2019-06-28 02:13:39',	'2019-06-28 02:13:39'),
(8,	'Ds\\Models\\Node',	6,	'second_panel_icon',	'string',	'fa-map-marker',	0,	'2019-06-28 02:13:39',	'2019-06-28 02:13:39'),
(9,	'Ds\\Models\\Node',	6,	'second_panel_content',	'null',	NULL,	0,	'2019-06-28 02:13:39',	'2019-06-28 02:13:39'),
(10,	'Ds\\Models\\Node',	6,	'third_panel_heading',	'string',	'Pricing',	0,	'2019-06-28 02:13:39',	'2019-06-28 02:13:39'),
(11,	'Ds\\Models\\Node',	6,	'third_panel_icon',	'string',	'fa-shopping-cart',	0,	'2019-06-28 02:13:39',	'2019-06-28 02:13:39'),
(12,	'Ds\\Models\\Node',	6,	'third_panel_content',	'null',	NULL,	0,	'2019-06-28 02:13:39',	'2019-06-28 02:13:39'),
(13,	'Ds\\Models\\Node',	6,	'products',	'products',	'',	0,	'2019-06-28 02:13:39',	'2019-06-28 02:13:39'),
(14,	'Ds\\Models\\Node',	6,	'line_items_panel_label',	'string',	'My Tickets',	0,	'2019-06-28 02:13:39',	'2019-06-28 02:13:39'),
(15,	'Ds\\Models\\Node',	6,	'line_items_panel_icon',	'string',	'fa-ticket',	0,	'2019-06-28 02:13:39',	'2019-06-28 02:13:39'),
(16,	'Ds\\Models\\Node',	6,	'line_items_panel_empty_message',	'string',	'No Tickets',	0,	'2019-06-28 02:13:39',	'2019-06-28 02:13:39'),
(17,	'Ds\\Models\\Node',	6,	'line_items_panel_add_button_label',	'string',	'Add Ticket',	0,	'2019-06-28 02:13:39',	'2019-06-28 02:13:39'),
(18,	'Ds\\Models\\Node',	6,	'email_optin_enabled',	'bool',	'1',	0,	'2019-06-28 02:13:39',	'2019-06-28 02:13:39'),
(19,	'Ds\\Models\\Node',	1,	'event_subtitle',	'null',	NULL,	0,	'2019-06-28 02:40:36',	'2019-06-28 02:40:36'),
(20,	'Ds\\Models\\Node',	1,	'sharing',	'bool',	'0',	0,	'2019-06-28 02:40:36',	'2019-06-28 02:40:36'),
(21,	'Ds\\Models\\Node',	1,	'show_details',	'bool',	'1',	0,	'2019-06-28 02:40:36',	'2019-06-28 02:40:36'),
(22,	'Ds\\Models\\Node',	1,	'first_panel_heading',	'string',	'Date & Time',	0,	'2019-06-28 02:40:36',	'2019-06-28 02:40:36'),
(23,	'Ds\\Models\\Node',	1,	'first_panel_icon',	'string',	'fa-calendar-o',	0,	'2019-06-28 02:40:36',	'2019-06-28 02:40:36'),
(24,	'Ds\\Models\\Node',	1,	'first_panel_content',	'null',	NULL,	0,	'2019-06-28 02:40:36',	'2019-06-28 02:40:36'),
(25,	'Ds\\Models\\Node',	1,	'second_panel_heading',	'string',	'Location',	0,	'2019-06-28 02:40:36',	'2019-06-28 02:40:36'),
(26,	'Ds\\Models\\Node',	1,	'second_panel_icon',	'string',	'fa-map-marker',	0,	'2019-06-28 02:40:36',	'2019-06-28 02:40:36'),
(27,	'Ds\\Models\\Node',	1,	'second_panel_content',	'null',	NULL,	0,	'2019-06-28 02:40:36',	'2019-06-28 02:40:36'),
(28,	'Ds\\Models\\Node',	1,	'third_panel_heading',	'string',	'Pricing',	0,	'2019-06-28 02:40:36',	'2019-06-28 02:40:36'),
(29,	'Ds\\Models\\Node',	1,	'third_panel_icon',	'string',	'fa-shopping-cart',	0,	'2019-06-28 02:40:36',	'2019-06-28 02:40:36'),
(30,	'Ds\\Models\\Node',	1,	'third_panel_content',	'null',	NULL,	0,	'2019-06-28 02:40:36',	'2019-06-28 02:40:36'),
(31,	'Ds\\Models\\Node',	1,	'products',	'products',	'',	0,	'2019-06-28 02:40:36',	'2019-06-28 02:40:36'),
(32,	'Ds\\Models\\Node',	1,	'line_items_panel_label',	'string',	'My Tickets',	0,	'2019-06-28 02:40:36',	'2019-06-28 02:40:36'),
(33,	'Ds\\Models\\Node',	1,	'line_items_panel_icon',	'string',	'fa-ticket',	0,	'2019-06-28 02:40:36',	'2019-06-28 02:40:36'),
(34,	'Ds\\Models\\Node',	1,	'line_items_panel_empty_message',	'string',	'No Tickets',	0,	'2019-06-28 02:40:36',	'2019-06-28 02:40:36'),
(35,	'Ds\\Models\\Node',	1,	'line_items_panel_add_button_label',	'string',	'Add Ticket',	0,	'2019-06-28 02:40:36',	'2019-06-28 02:40:36'),
(36,	'Ds\\Models\\Node',	1,	'email_optin_enabled',	'bool',	'1',	0,	'2019-06-28 02:40:36',	'2019-06-28 02:40:36'),
(37,	'product',	1,	'header_bg_image',	'null',	NULL,	0,	'2019-06-28 14:40:55',	'2019-06-28 14:40:55'),
(38,	'product',	1,	'event_date_time',	'null',	NULL,	0,	'2019-06-28 14:40:55',	'2019-06-28 14:40:55'),
(39,	'product',	1,	'event_location',	'null',	NULL,	0,	'2019-06-28 14:40:55',	'2019-06-28 14:40:55'),
(40,	'product',	1,	'event_bg_image',	'null',	NULL,	0,	'2019-06-28 14:40:55',	'2019-06-28 14:40:55'),
(41,	'product',	1,	'pay_page_recurring_day',	'null',	NULL,	0,	'2019-06-28 14:40:56',	'2019-06-28 14:40:56'),
(42,	'product',	1,	'pay_page_cover_fees',	'bool',	'1',	0,	'2019-06-28 14:40:56',	'2019-06-28 14:40:56'),
(43,	'product',	1,	'pay_page_referral_source',	'null',	NULL,	0,	'2019-06-28 14:40:56',	'2019-06-28 14:40:56'),
(44,	'product',	1,	'pay_page_referral_source_required',	'bool',	'1',	0,	'2019-06-28 14:40:56',	'2019-06-28 14:40:56'),
(45,	'product',	1,	'pay_page_post_purchase_redirect_url',	'null',	NULL,	0,	'2019-06-28 14:40:56',	'2019-06-28 14:40:56'),
(46,	'product',	1,	'pay_page_heading_content',	'null',	NULL,	0,	'2019-06-28 14:40:56',	'2019-06-28 14:40:56'),
(47,	'product',	1,	'pay_page_above_button_content',	'null',	NULL,	0,	'2019-06-28 14:40:56',	'2019-06-28 14:40:56'),
(48,	'product',	1,	'email_optin_enabled',	'bool',	'1',	0,	'2019-06-28 14:40:56',	'2019-06-28 14:40:56'),
(49,	'Ds\\Models\\Variant',	1,	'redirects_to',	'null',	NULL,	0,	'2019-06-28 14:40:56',	'2019-06-28 14:40:56'),
(50,	'Ds\\Models\\Variant',	1,	'dp_gl_code',	'null',	NULL,	0,	'2019-06-28 14:40:56',	'2019-06-28 14:40:56'),
(51,	'Ds\\Models\\Variant',	1,	'dp_solicit',	'null',	NULL,	0,	'2019-06-28 14:40:56',	'2019-06-28 14:40:56'),
(52,	'Ds\\Models\\Variant',	1,	'dp_subsolicit',	'null',	NULL,	0,	'2019-06-28 14:40:56',	'2019-06-28 14:40:56'),
(53,	'Ds\\Models\\Variant',	1,	'dp_campaign',	'null',	NULL,	0,	'2019-06-28 14:40:56',	'2019-06-28 14:40:56'),
(54,	'Ds\\Models\\Variant',	1,	'dp_ty_letter_no',	'null',	NULL,	0,	'2019-06-28 14:40:56',	'2019-06-28 14:40:56'),
(55,	'Ds\\Models\\Variant',	2,	'redirects_to',	'null',	NULL,	0,	'2019-06-28 14:41:24',	'2019-06-28 14:41:24'),
(56,	'Ds\\Models\\Variant',	2,	'dp_gl_code',	'null',	NULL,	0,	'2019-06-28 14:41:24',	'2019-06-28 14:41:24'),
(57,	'Ds\\Models\\Variant',	2,	'dp_solicit',	'null',	NULL,	0,	'2019-06-28 14:41:24',	'2019-06-28 14:41:24'),
(58,	'Ds\\Models\\Variant',	2,	'dp_subsolicit',	'null',	NULL,	0,	'2019-06-28 14:41:24',	'2019-06-28 14:41:24'),
(59,	'Ds\\Models\\Variant',	2,	'dp_campaign',	'null',	NULL,	0,	'2019-06-28 14:41:24',	'2019-06-28 14:41:24'),
(60,	'Ds\\Models\\Variant',	2,	'dp_ty_letter_no',	'null',	NULL,	0,	'2019-06-28 14:41:24',	'2019-06-28 14:41:24'),
(61,	'product',	2,	'header_bg_image',	'null',	NULL,	0,	'2019-09-17 04:12:24',	'2019-09-17 04:12:24'),
(62,	'product',	2,	'event_date_time',	'null',	NULL,	0,	'2019-09-17 04:12:24',	'2019-09-17 04:12:24'),
(63,	'product',	2,	'event_location',	'null',	NULL,	0,	'2019-09-17 04:12:24',	'2019-09-17 04:12:24'),
(64,	'product',	2,	'event_bg_image',	'null',	NULL,	0,	'2019-09-17 04:12:24',	'2019-09-17 04:12:24'),
(65,	'product',	2,	'pay_page_recurring_day',	'null',	NULL,	0,	'2019-09-17 04:12:24',	'2019-09-17 04:12:24'),
(66,	'product',	3,	'pay_page_cover_fees',	'string',	'1',	0,	'2019-09-17 04:12:24',	'2019-09-17 04:17:22'),
(67,	'product',	2,	'pay_page_referral_source',	'null',	NULL,	0,	'2019-09-17 04:12:24',	'2019-09-17 04:12:24'),
(68,	'product',	3,	'pay_page_referral_source_required',	'string',	'1',	0,	'2019-09-17 04:12:24',	'2019-09-17 04:17:22'),
(69,	'product',	2,	'pay_page_post_purchase_redirect_url',	'null',	NULL,	0,	'2019-09-17 04:12:24',	'2019-09-17 04:12:24'),
(70,	'product',	2,	'pay_page_heading_content',	'null',	NULL,	0,	'2019-09-17 04:12:24',	'2019-09-17 04:12:24'),
(71,	'product',	2,	'pay_page_above_button_content',	'null',	NULL,	0,	'2019-09-17 04:12:24',	'2019-09-17 04:12:24'),
(72,	'product',	3,	'email_optin_enabled',	'string',	'1',	0,	'2019-09-17 04:12:24',	'2019-09-17 04:17:22'),
(73,	'product',	2,	'pay_page_complete_purchase_btn_text',	'null',	NULL,	0,	'2019-09-17 04:13:17',	'2019-09-17 04:13:17'),
(74,	'product',	4,	'header_bg_image',	'null',	NULL,	0,	'2019-09-17 04:19:10',	'2019-09-17 04:19:10'),
(75,	'Ds\\Models\\Variant',	7,	'redirects_to',	'null',	NULL,	0,	'2019-09-17 04:19:10',	'2019-09-17 04:19:10'),
(76,	'Ds\\Models\\Variant',	7,	'dp_gl_code',	'null',	NULL,	0,	'2019-09-17 04:19:10',	'2019-09-17 04:19:10'),
(77,	'Ds\\Models\\Variant',	7,	'dp_solicit',	'null',	NULL,	0,	'2019-09-17 04:19:10',	'2019-09-17 04:19:10'),
(78,	'Ds\\Models\\Variant',	7,	'dp_subsolicit',	'null',	NULL,	0,	'2019-09-17 04:19:10',	'2019-09-17 04:19:10'),
(79,	'Ds\\Models\\Variant',	7,	'dp_campaign',	'null',	NULL,	0,	'2019-09-17 04:19:10',	'2019-09-17 04:19:10'),
(80,	'Ds\\Models\\Variant',	7,	'dp_gift_narrative',	'null',	NULL,	0,	'2019-09-17 04:19:10',	'2019-09-17 04:19:10'),
(81,	'Ds\\Models\\Variant',	7,	'dp_ty_letter_no',	'null',	NULL,	0,	'2019-09-17 04:19:10',	'2019-09-17 04:19:10'),
(82,	'product',	4,	'pay_page_recurring_day',	'null',	NULL,	0,	'2019-09-17 04:20:02',	'2019-09-17 04:20:02'),
(83,	'product',	5,	'pay_page_cover_fees',	'string',	'1',	0,	'2019-09-17 04:20:02',	'2019-09-17 04:33:16'),
(84,	'product',	4,	'pay_page_referral_source',	'null',	NULL,	0,	'2019-09-17 04:20:02',	'2019-09-17 04:20:02'),
(85,	'product',	5,	'pay_page_referral_source_required',	'string',	'1',	0,	'2019-09-17 04:20:02',	'2019-09-17 04:33:16'),
(86,	'product',	4,	'pay_page_complete_purchase_btn_text',	'null',	NULL,	0,	'2019-09-17 04:20:02',	'2019-09-17 04:20:02'),
(87,	'product',	4,	'pay_page_post_purchase_redirect_url',	'null',	NULL,	0,	'2019-09-17 04:20:02',	'2019-09-17 04:20:02'),
(88,	'product',	4,	'pay_page_heading_content',	'null',	NULL,	0,	'2019-09-17 04:20:02',	'2019-09-17 04:20:02'),
(89,	'product',	4,	'pay_page_above_button_content',	'null',	NULL,	0,	'2019-09-17 04:20:02',	'2019-09-17 04:20:02'),
(90,	'product',	5,	'email_optin_enabled',	'string',	'1',	0,	'2019-09-17 04:20:02',	'2019-09-17 04:33:16'),
(91,	'Ds\\Models\\Variant',	8,	'redirects_to',	'null',	NULL,	0,	'2019-09-17 04:20:02',	'2019-09-17 04:20:02'),
(92,	'Ds\\Models\\Variant',	8,	'dp_gl_code',	'null',	NULL,	0,	'2019-09-17 04:20:02',	'2019-09-17 04:20:02'),
(93,	'Ds\\Models\\Variant',	8,	'dp_solicit',	'null',	NULL,	0,	'2019-09-17 04:20:02',	'2019-09-17 04:20:02'),
(94,	'Ds\\Models\\Variant',	8,	'dp_subsolicit',	'null',	NULL,	0,	'2019-09-17 04:20:02',	'2019-09-17 04:20:02'),
(95,	'Ds\\Models\\Variant',	8,	'dp_campaign',	'null',	NULL,	0,	'2019-09-17 04:20:02',	'2019-09-17 04:20:02'),
(96,	'Ds\\Models\\Variant',	8,	'dp_gift_narrative',	'null',	NULL,	0,	'2019-09-17 04:20:02',	'2019-09-17 04:20:02'),
(97,	'Ds\\Models\\Variant',	8,	'dp_ty_letter_no',	'null',	NULL,	0,	'2019-09-17 04:20:02',	'2019-09-17 04:20:02'),
(98,	'product',	6,	'header_bg_image',	'null',	NULL,	0,	'2019-09-17 04:35:25',	'2019-09-17 04:39:13'),
(99,	'Ds\\Models\\Variant',	11,	'redirects_to',	'null',	NULL,	0,	'2019-09-17 04:35:25',	'2019-09-17 04:35:25'),
(100,	'Ds\\Models\\Variant',	11,	'dp_gl_code',	'null',	NULL,	0,	'2019-09-17 04:35:25',	'2019-09-17 04:35:25'),
(101,	'Ds\\Models\\Variant',	11,	'dp_solicit',	'null',	NULL,	0,	'2019-09-17 04:35:25',	'2019-09-17 04:35:25'),
(102,	'Ds\\Models\\Variant',	11,	'dp_subsolicit',	'null',	NULL,	0,	'2019-09-17 04:35:25',	'2019-09-17 04:35:25'),
(103,	'Ds\\Models\\Variant',	11,	'dp_campaign',	'null',	NULL,	0,	'2019-09-17 04:35:25',	'2019-09-17 04:35:25'),
(104,	'Ds\\Models\\Variant',	11,	'dp_gift_narrative',	'null',	NULL,	0,	'2019-09-17 04:35:26',	'2019-09-17 04:35:26'),
(105,	'Ds\\Models\\Variant',	11,	'dp_ty_letter_no',	'null',	NULL,	0,	'2019-09-17 04:35:26',	'2019-09-17 04:35:26'),
(106,	'Ds\\Models\\Variant',	12,	'redirects_to',	'null',	NULL,	0,	'2019-09-17 04:36:24',	'2019-09-17 04:36:24'),
(107,	'Ds\\Models\\Variant',	12,	'dp_gl_code',	'null',	NULL,	0,	'2019-09-17 04:36:24',	'2019-09-17 04:36:24'),
(108,	'Ds\\Models\\Variant',	12,	'dp_solicit',	'null',	NULL,	0,	'2019-09-17 04:36:24',	'2019-09-17 04:36:24'),
(109,	'Ds\\Models\\Variant',	12,	'dp_subsolicit',	'null',	NULL,	0,	'2019-09-17 04:36:24',	'2019-09-17 04:36:24'),
(110,	'Ds\\Models\\Variant',	12,	'dp_campaign',	'null',	NULL,	0,	'2019-09-17 04:36:24',	'2019-09-17 04:36:24'),
(111,	'Ds\\Models\\Variant',	12,	'dp_gift_narrative',	'null',	NULL,	0,	'2019-09-17 04:36:24',	'2019-09-17 04:36:24'),
(112,	'Ds\\Models\\Variant',	12,	'dp_ty_letter_no',	'null',	NULL,	0,	'2019-09-17 04:36:24',	'2019-09-17 04:36:24'),
(113,	'Ds\\Models\\Variant',	13,	'redirects_to',	'null',	NULL,	0,	'2019-09-17 04:36:24',	'2019-09-17 04:36:24'),
(114,	'Ds\\Models\\Variant',	13,	'dp_gl_code',	'null',	NULL,	0,	'2019-09-17 04:36:24',	'2019-09-17 04:36:24'),
(115,	'Ds\\Models\\Variant',	13,	'dp_solicit',	'null',	NULL,	0,	'2019-09-17 04:36:24',	'2019-09-17 04:36:24'),
(116,	'Ds\\Models\\Variant',	13,	'dp_subsolicit',	'null',	NULL,	0,	'2019-09-17 04:36:24',	'2019-09-17 04:36:24'),
(117,	'Ds\\Models\\Variant',	13,	'dp_campaign',	'null',	NULL,	0,	'2019-09-17 04:36:24',	'2019-09-17 04:36:24'),
(118,	'Ds\\Models\\Variant',	13,	'dp_gift_narrative',	'null',	NULL,	0,	'2019-09-17 04:36:24',	'2019-09-17 04:36:24'),
(119,	'Ds\\Models\\Variant',	13,	'dp_ty_letter_no',	'null',	NULL,	0,	'2019-09-17 04:36:24',	'2019-09-17 04:36:24'),
(120,	'Ds\\Models\\Variant',	14,	'redirects_to',	'null',	NULL,	0,	'2019-09-17 04:36:24',	'2019-09-17 04:36:24'),
(121,	'Ds\\Models\\Variant',	14,	'dp_gl_code',	'null',	NULL,	0,	'2019-09-17 04:36:24',	'2019-09-17 04:36:24'),
(122,	'Ds\\Models\\Variant',	14,	'dp_solicit',	'null',	NULL,	0,	'2019-09-17 04:36:24',	'2019-09-17 04:36:24'),
(123,	'Ds\\Models\\Variant',	14,	'dp_subsolicit',	'null',	NULL,	0,	'2019-09-17 04:36:24',	'2019-09-17 04:36:24'),
(124,	'Ds\\Models\\Variant',	14,	'dp_campaign',	'null',	NULL,	0,	'2019-09-17 04:36:24',	'2019-09-17 04:36:24'),
(125,	'Ds\\Models\\Variant',	14,	'dp_gift_narrative',	'null',	NULL,	0,	'2019-09-17 04:36:24',	'2019-09-17 04:36:24'),
(126,	'Ds\\Models\\Variant',	14,	'dp_ty_letter_no',	'null',	NULL,	0,	'2019-09-17 04:36:24',	'2019-09-17 04:36:24'),
(127,	'product',	8,	'header_bg_image',	'null',	NULL,	0,	'2019-09-17 04:41:26',	'2019-09-17 04:41:26'),
(128,	'Ds\\Models\\Variant',	19,	'redirects_to',	'null',	NULL,	0,	'2019-09-17 04:41:26',	'2019-09-17 04:41:26'),
(129,	'Ds\\Models\\Variant',	19,	'dp_gl_code',	'null',	NULL,	0,	'2019-09-17 04:41:26',	'2019-09-17 04:41:26'),
(130,	'Ds\\Models\\Variant',	19,	'dp_solicit',	'null',	NULL,	0,	'2019-09-17 04:41:26',	'2019-09-17 04:41:26'),
(131,	'Ds\\Models\\Variant',	19,	'dp_subsolicit',	'null',	NULL,	0,	'2019-09-17 04:41:26',	'2019-09-17 04:41:26'),
(132,	'Ds\\Models\\Variant',	19,	'dp_campaign',	'null',	NULL,	0,	'2019-09-17 04:41:26',	'2019-09-17 04:41:26'),
(133,	'Ds\\Models\\Variant',	19,	'dp_gift_narrative',	'null',	NULL,	0,	'2019-09-17 04:41:26',	'2019-09-17 04:41:26'),
(134,	'Ds\\Models\\Variant',	19,	'dp_ty_letter_no',	'null',	NULL,	0,	'2019-09-17 04:41:26',	'2019-09-17 04:41:26'),
(135,	'Ds\\Models\\Variant',	22,	'redirects_to',	'null',	NULL,	0,	'2019-09-17 04:50:35',	'2019-09-17 04:50:35'),
(136,	'Ds\\Models\\Variant',	22,	'dp_gl_code',	'null',	NULL,	0,	'2019-09-17 04:50:35',	'2019-09-17 04:50:35'),
(137,	'Ds\\Models\\Variant',	22,	'dp_solicit',	'null',	NULL,	0,	'2019-09-17 04:50:35',	'2019-09-17 04:50:35'),
(138,	'Ds\\Models\\Variant',	22,	'dp_subsolicit',	'null',	NULL,	0,	'2019-09-17 04:50:35',	'2019-09-17 04:50:35'),
(139,	'Ds\\Models\\Variant',	22,	'dp_campaign',	'null',	NULL,	0,	'2019-09-17 04:50:35',	'2019-09-17 04:50:35'),
(140,	'Ds\\Models\\Variant',	22,	'dp_gift_narrative',	'null',	NULL,	0,	'2019-09-17 04:50:35',	'2019-09-17 04:50:35'),
(141,	'Ds\\Models\\Variant',	22,	'dp_ty_letter_no',	'null',	NULL,	0,	'2019-09-17 04:50:35',	'2019-09-17 04:50:35'),
(142,	'product',	11,	'header_bg_image',	'null',	NULL,	0,	'2019-09-17 04:51:21',	'2019-09-17 04:51:21'),
(143,	'product',	11,	'pay_page_recurring_day',	'null',	NULL,	0,	'2019-09-17 04:52:15',	'2019-09-17 04:52:15'),
(144,	'product',	12,	'pay_page_cover_fees',	'string',	'1',	0,	'2019-09-17 04:52:15',	'2019-09-17 04:54:40'),
(145,	'product',	11,	'pay_page_referral_source',	'null',	NULL,	0,	'2019-09-17 04:52:15',	'2019-09-17 04:52:15'),
(146,	'product',	12,	'pay_page_referral_source_required',	'string',	'1',	0,	'2019-09-17 04:52:15',	'2019-09-17 04:54:40'),
(147,	'product',	11,	'pay_page_complete_purchase_btn_text',	'null',	NULL,	0,	'2019-09-17 04:52:15',	'2019-09-17 04:52:15'),
(148,	'product',	11,	'pay_page_post_purchase_redirect_url',	'null',	NULL,	0,	'2019-09-17 04:52:15',	'2019-09-17 04:52:15'),
(149,	'product',	11,	'pay_page_heading_content',	'null',	NULL,	0,	'2019-09-17 04:52:15',	'2019-09-17 04:52:15'),
(150,	'product',	11,	'pay_page_above_button_content',	'null',	NULL,	0,	'2019-09-17 04:52:15',	'2019-09-17 04:52:15'),
(151,	'product',	12,	'email_optin_enabled',	'string',	'1',	0,	'2019-09-17 04:52:15',	'2019-09-17 04:54:40'),
(152,	'product',	13,	'pay_page_cover_fees',	'string',	'1',	0,	'2019-09-17 04:56:58',	'2019-09-17 04:56:58'),
(153,	'product',	13,	'pay_page_referral_source_required',	'string',	'1',	0,	'2019-09-17 04:56:59',	'2019-09-17 04:56:59'),
(154,	'product',	13,	'email_optin_enabled',	'string',	'1',	0,	'2019-09-17 04:56:59',	'2019-09-17 04:56:59'),
(155,	'product',	13,	'header_bg_image',	'null',	NULL,	0,	'2019-09-17 04:57:25',	'2019-09-17 04:57:25'),
(156,	'product',	15,	'header_bg_image',	'null',	NULL,	0,	'2019-09-17 05:03:05',	'2019-09-17 05:03:05'),
(157,	'Ds\\Models\\Variant',	28,	'redirects_to',	'null',	NULL,	0,	'2019-09-17 05:03:05',	'2019-09-17 05:03:05'),
(158,	'Ds\\Models\\Variant',	28,	'dp_gl_code',	'null',	NULL,	0,	'2019-09-17 05:03:05',	'2019-09-17 05:03:05'),
(159,	'Ds\\Models\\Variant',	28,	'dp_solicit',	'null',	NULL,	0,	'2019-09-17 05:03:05',	'2019-09-17 05:03:05'),
(160,	'Ds\\Models\\Variant',	28,	'dp_subsolicit',	'null',	NULL,	0,	'2019-09-17 05:03:05',	'2019-09-17 05:03:05'),
(161,	'Ds\\Models\\Variant',	28,	'dp_campaign',	'null',	NULL,	0,	'2019-09-17 05:03:05',	'2019-09-17 05:03:05'),
(162,	'Ds\\Models\\Variant',	28,	'dp_gift_narrative',	'null',	NULL,	0,	'2019-09-17 05:03:05',	'2019-09-17 05:03:05'),
(163,	'Ds\\Models\\Variant',	28,	'dp_ty_letter_no',	'null',	NULL,	0,	'2019-09-17 05:03:05',	'2019-09-17 05:03:05'),
(164,	'Ds\\Models\\Variant',	29,	'redirects_to',	'null',	NULL,	0,	'2019-09-17 05:05:01',	'2019-09-17 05:05:01'),
(165,	'Ds\\Models\\Variant',	29,	'dp_gl_code',	'null',	NULL,	0,	'2019-09-17 05:05:01',	'2019-09-17 05:05:01'),
(166,	'Ds\\Models\\Variant',	29,	'dp_solicit',	'null',	NULL,	0,	'2019-09-17 05:05:01',	'2019-09-17 05:05:01'),
(167,	'Ds\\Models\\Variant',	29,	'dp_subsolicit',	'null',	NULL,	0,	'2019-09-17 05:05:01',	'2019-09-17 05:05:01'),
(168,	'Ds\\Models\\Variant',	29,	'dp_campaign',	'null',	NULL,	0,	'2019-09-17 05:05:01',	'2019-09-17 05:05:01'),
(169,	'Ds\\Models\\Variant',	29,	'dp_gift_narrative',	'null',	NULL,	0,	'2019-09-17 05:05:01',	'2019-09-17 05:05:01'),
(170,	'Ds\\Models\\Variant',	29,	'dp_ty_letter_no',	'null',	NULL,	0,	'2019-09-17 05:05:01',	'2019-09-17 05:05:01'),
(171,	'product',	15,	'event_date_time',	'string',	'June 6, 2020, 7pm-11pm',	0,	'2019-09-17 05:07:26',	'2019-09-17 05:08:12'),
(172,	'product',	15,	'event_location',	'string',	'Miami Convention Center',	0,	'2019-09-17 05:07:26',	'2019-09-17 05:08:12'),
(173,	'product',	15,	'event_bg_image',	'string',	'https://images.unsplash.com/photo-1512693674172-47fbe52487bc?ixlib=rb-1.2.1&ixid=eyJhcHBfaWQiOjEyMDd9&auto=format&fit=crop&w=2250&q=80',	0,	'2019-09-17 05:07:26',	'2019-09-17 05:08:12'),
(174,	'product',	18,	'pay_page_cover_fees',	'string',	'1',	0,	'2019-09-17 15:47:45',	'2019-09-17 15:47:45'),
(175,	'product',	18,	'pay_page_referral_source_required',	'string',	'1',	0,	'2019-09-17 15:47:45',	'2019-09-17 15:47:45'),
(176,	'product',	18,	'email_optin_enabled',	'string',	'1',	0,	'2019-09-17 15:47:45',	'2019-09-17 15:47:45'),
(177,	'product',	20,	'pay_page_cover_fees',	'string',	'1',	0,	'2019-09-17 15:48:12',	'2019-09-17 15:48:12'),
(178,	'product',	20,	'pay_page_referral_source_required',	'string',	'1',	0,	'2019-09-17 15:48:12',	'2019-09-17 15:48:12'),
(179,	'product',	20,	'email_optin_enabled',	'string',	'1',	0,	'2019-09-17 15:48:12',	'2019-09-17 15:48:12'),
(180,	'product',	26,	'pay_page_cover_fees',	'string',	'1',	0,	'2019-12-10 21:39:11',	'2019-12-10 21:39:11'),
(181,	'product',	26,	'pay_page_referral_source_required',	'string',	'1',	0,	'2019-12-10 21:39:11',	'2019-12-10 21:39:11'),
(182,	'product',	26,	'email_optin_enabled',	'string',	'1',	0,	'2019-12-10 21:39:11',	'2019-12-10 21:39:11'),
(183,	'product',	27,	'header_bg_image',	'null',	NULL,	0,	'2019-12-10 21:39:35',	'2019-12-10 21:39:35'),
(184,	'product',	28,	'donation_forms_is_default_form',	'boolean',	'1',	0,	'2022-08-19 15:02:50',	'2022-08-19 15:02:50'),
(185,	'product',	28,	'donation_forms_branding_logo',	'null',	NULL,	0,	'2022-08-19 15:02:50',	'2022-08-19 15:02:50'),
(186,	'product',	28,	'donation_forms_branding_colour',	'string',	'#0066FF',	0,	'2022-08-19 15:02:50',	'2022-08-19 15:02:50'),
(187,	'product',	28,	'donation_forms_background_image',	'null',	NULL,	0,	'2022-08-19 15:02:50',	'2022-08-19 15:02:50'),
(188,	'product',	28,	'donation_forms_social_preview_image',	'null',	NULL,	0,	'2022-08-19 15:02:50',	'2022-08-19 15:02:50'),
(189,	'product',	28,	'donation_forms_default_amount_type',	'string',	'automatic',	0,	'2022-08-19 15:02:50',	'2022-08-19 15:02:50'),
(190,	'product',	28,	'donation_forms_default_amount_value',	'float',	'50',	0,	'2022-08-19 15:02:51',	'2022-08-19 15:02:51'),
(191,	'product',	28,	'donation_forms_badges_enabled',	'boolean',	'0',	0,	'2022-08-19 15:02:51',	'2022-08-19 15:02:51'),
(192,	'product',	28,	'donation_forms_social_proof_enabled',	'boolean',	'1',	0,	'2022-08-19 15:02:51',	'2022-08-19 15:02:51'),
(193,	'product',	28,	'donation_forms_social_proof_privacy',	'string',	'initials-and-geography',	0,	'2022-08-19 15:02:51',	'2022-08-19 15:02:51'),
(194,	'product',	28,	'donation_forms_transparency_promise_enabled',	'boolean',	'1',	0,	'2022-08-19 15:02:51',	'2022-08-19 15:02:51'),
(195,	'product',	28,	'donation_forms_transparency_promise_1_percentage',	'integer',	'80',	0,	'2022-08-19 15:02:51',	'2022-08-19 15:02:51'),
(196,	'product',	28,	'donation_forms_transparency_promise_1_description',	'string',	'goes directly to our mission',	0,	'2022-08-19 15:02:51',	'2022-08-19 15:02:51'),
(197,	'product',	28,	'donation_forms_transparency_promise_2_percentage',	'integer',	'20',	0,	'2022-08-19 15:02:51',	'2022-08-19 15:02:51'),
(198,	'product',	28,	'donation_forms_transparency_promise_2_description',	'string',	'supports our lean expert staff and admin operations',	0,	'2022-08-19 15:02:51',	'2022-08-19 15:02:51'),
(199,	'product',	28,	'donation_forms_email_optin_description',	'string',	'Can we send you updates on the impact YOUR donation is having?',	0,	'2022-08-19 15:02:51',	'2022-08-19 15:02:51'),
(200,	'product',	28,	'donation_forms_email_optin_nag_message',	'string',	'We\'ll only message you once a month with a meaningful update - PROMISE!',	0,	'2022-08-19 15:02:51',	'2022-08-19 15:02:51'),
(201,	'product',	28,	'donation_forms_upsell_enabled',	'boolean',	'1',	0,	'2022-08-19 15:02:51',	'2022-08-19 15:02:51'),
(202,	'product',	28,	'donation_forms_upsell_description',	'string',	'Increase your impact as much as 12x.',	0,	'2022-08-19 15:02:51',	'2022-08-19 15:02:51'),
(203,	'product',	28,	'donation_forms_upsell_confirmation',	'string',	'Even a little goes a long way.',	0,	'2022-08-19 15:02:51',	'2022-08-19 15:02:51'),
(204,	'product',	28,	'donation_forms_dp_enabled',	'boolean',	'0',	0,	'2022-08-19 15:02:51',	'2022-08-19 15:02:51'),
(205,	'product',	28,	'donation_forms_thank_you_onscreen_message',	'string',	'Your generosity is making an impact.',	0,	'2022-08-19 15:02:51',	'2022-08-19 15:02:51');

DROP TABLE IF EXISTS `migrations`;
CREATE TABLE `migrations` (
  `id` bigint(20) unsigned NOT NULL AUTO_INCREMENT,
  `migration` varchar(255) COLLATE utf8mb4_unicode_ci NOT NULL,
  `batch` int(11) NOT NULL,
  PRIMARY KEY (`id`)
) ENGINE=InnoDB DEFAULT CHARSET=utf8mb4 COLLATE=utf8mb4_unicode_ci;

INSERT INTO `migrations` (`id`, `migration`, `batch`) VALUES
(1,	'2019_08_03_043811_create_feature_cdn_tables',	1),
(2,	'2019_08_03_043812_add_foreign_keys_to_feature_cdn_tables',	1),
(3,	'2019_08_03_043813_create_feature_affinity_tables',	2),
(4,	'2019_08_03_043814_add_foreign_keys_to_feature_affinity_tables',	2),
(5,	'2019_08_03_043814_alter_feature_cdn_tables',	2),
(6,	'2019_08_08_181713_add_ipaddress_to_payments_table',	3),
(7,	'2019_08_08_200213_add_captcha_to_productorder_table',	3),
(8,	'2019_08_10_090937_drop_popups_table',	4),
(9,	'2019_08_14_063509_add_currency_to_orders_table',	7),
(10,	'2019_08_14_064232_add_currency_to_transactions_table',	7),
(11,	'2019_08_14_054008_add_giftaid_to_order_item_table',	8),
(12,	'2019_08_14_054332_add_optins_to_membership_table',	8),
(13,	'2019_08_25_170356_add_paypal_payer_to_account_table',	9),
(14,	'2019_08_25_171017_add_subscription_ids_to_rpp_table',	9),
(15,	'2019_08_30_030802_add_functional_currency_to_payments_table',	10),
(16,	'2019_08_30_034729_add_currency_to_fundraising_pages_table',	10),
(19,	'2019_09_04_123114_add_profile_setting_to_membership_table',	11),
(20,	'2019_09_12_185559_add_currency_to_products_table',	12),
(21,	'2019_09_13_033507_add_customer_ids_to_payment_methods_table',	12),
(22,	'2019_09_18_002700_drop_sql_migrations_table',	13),
(23,	'2019_09_19_141856_update_org_name_on_accounts_table',	13),
(24,	'2019_09_24_010236_add_send_confirmation_emails_to_orders_table',	14),
(25,	'2019_10_01_182842_add_purchased_media_columns',	15),
(26,	'2019_10_04_200702_add_infusionsoft_to_accounts_table',	16),
(27,	'2019_10_10_040935_add_indexes_to_orders_table',	17),
(28,	'2019_10_15_172225_add_softdeletes_to_conversations_table',	18),
(29,	'2019_10_04_003619_add_referred_by_to_members_table',	19),
(30,	'2019_10_04_003619_add_referred_by_to_orders_table',	19),
(31,	'2019_10_22_144553_add_lifetime_totals_to_members_table',	19),
(32,	'2019_11_19_024245_create_monitoring_incidents_table',	20),
(33,	'2019_12_10_155303_add_type_to_segments_table',	21),
(34,	'2019_12_16_073426_add_indexes_to_configs_table',	22),
(35,	'2020_01_08_210005_add_media_to_imports_table',	23),
(36,	'2020_01_09_135838_increase_messages_length_on_imports_tabe',	24),
(37,	'2020_01_16_043652_add_billing_warning_supression_expiration_date_to_users_table',	25),
(38,	'2019_11_04_084553_add_is_dcc_enabled_to_product_table',	26),
(39,	'2019_11_05_134553_add_dcc_fields',	26),
(40,	'2019_11_26_133425_add_alt_transaction_id_to_transactions_table',	26),
(41,	'2019_11_18_150630_remove_recurring_amount_total_columns',	27),
(42,	'2020_01_28_172030_drop_special_notes_columns_from_products_table',	27),
(43,	'2020_02_01_031156_add_dp_pledge_id_override_to_recurring_payment_profiles_table',	28),
(44,	'2020_03_14_031016_drop_unused_tables',	29),
(45,	'2020_03_17_015515_add_total_items_to_orders_table',	30),
(46,	'2019_12_11_221258_create_tax_receipt_templates_table',	31),
(47,	'2019_12_11_222258_add_consolidated_tax_receipt_changes',	31),
(48,	'2020_02_20_143401_add_gl_to_tax_receipt_line_items_table',	32),
(49,	'2020_03_24_102835_add_commit_sha_to_themes_table',	33),
(50,	'2020_03_27_000031_add_softdeletes_to_conversation_recipients_table',	34),
(51,	'2020_04_02_165015_change_order_status_to_customer_notes',	35),
(52,	'2019_12_19_053432_add_nodecontent_columns_to_node_table',	36),
(53,	'2020_04_09_231451_change_node_content_fk',	37),
(54,	'2020_05_08_184434_add_morphs_to_autologin_tokens_table',	38),
(55,	'2020_05_31_033457_add_currency_to_payment_methods_table',	39),
(56,	'2020_07_16_210556_add_order_promocode_fks',	40),
(57,	'2020_08_12_223752_add_nexmo_msisdn_to_conversation_recipients_table',	41),
(58,	'2020_08_16_055818_add_currency_to_pledges_table',	42),
(59,	'2020_08_16_153053_drop_unused_donation_columns_from_pledges_table',	42),
(60,	'2020_08_16_153731_drop_unused_donation_columns_from_pledge_campaigns_table',	42),
(61,	'2020_08_16_223703_add_pledgable_total_amount_to_pledge_campaigns_table',	42),
(62,	'2020_08_18_232218_add_honor_roll_to_pledges_table',	42),
(63,	'2020_08_12_192718_add_social_sharing_column_to_posttype_table',	43),
(64,	'2016_06_01_000001_create_oauth_auth_codes_table',	44),
(65,	'2016_06_01_000002_create_oauth_access_tokens_table',	44),
(66,	'2016_06_01_000003_create_oauth_refresh_tokens_table',	44),
(67,	'2016_06_01_000004_create_oauth_clients_table',	44),
(68,	'2016_06_01_000005_create_oauth_personal_access_clients_table',	44),
(69,	'2020_09_15_163247_add_type_to_aliases_table',	44),
(70,	'2020_09_25_022211_allow_oauth_secret_to_be_nullable',	45),
(71,	'2020_09_25_022438_add_provider_column_to_oauth_clients',	45),
(72,	'2020_10_30_204051_add_default_value_column_to_productfields',	45),
(73,	'2014_10_12_200000_add_two_factor_columns_to_users_table',	46),
(74,	'2020_09_09_215515_create_resthook_subscriptions',	47),
(75,	'2020_11_17_011148_drop_oauth_tables',	47),
-- (76,	'2020_11_23_000011_create_oauth_auth_codes_table_on_missioncontrol',	47),
-- (77,	'2020_11_23_000012_create_oauth_access_tokens_table_on_missioncontrol',	47),
-- (78,	'2020_11_23_000013_create_oauth_refresh_tokens_table_on_missioncontrol',	47),
-- (79,	'2020_11_23_000014_create_oauth_clients_table_on_missioncontrol',	47),
-- (80,	'2020_11_23_000015_create_oauth_personal_access_clients_table_on_missioncontrol',	47),
(81,	'2021_01_11_150718_add_soft_deletes_to_hooks_table',	48),
(82,	'2020_11_26_225143_create_user_defined_fields_tables',	49),
(83,	'2021_01_28_025001_create_recurring_batches_table',	50),
(84,	'2021_01_28_030119_add_recurring_batches_fk_to_transactions_table',	50),
(85,	'2021_02_03_232050_add_hook_events_table',	51),
(86,	'2021_02_16_152030_add_rpp_notify_flag_to_users_table',	52),
(87,	'2021_02_25_205118_create_virtual_events_table',	53),
(88,	'2021_03_09_003322_trim_config_email_records',	54),
(89,	'2021_03_11_190129_update_virtual_events_table_to_make_celebration_threshold_nullable',	54),
(90,	'2021_03_01_140720_create_live_stream_table',	55),
(91,	'2021_03_25_145546_update_virtual_events_table',	55),
(92,	'2021_03_23_194218_create_comments_table',	56),
(93,	'2021_04_07_173830_add_fulltext_index_on_comments_table',	56),
(94,	'2021_05_07_163033_update_money_types_on_fundraising_pages_table',	57),
(95,	'2021_04_30_141013_create_group_account_timespans_table',	58),
(96,	'2021_05_26_200314_add_timespace_fk_to_group_account_table',	59),
(97,	'2021_05_31_161454_add_locked_value_to_assets_table',	60),
(98,	'2021_05_31_165128_add_notify_fundraising_page_edited_to_users',	60),
(99,	'2021_05_29_004348_update_primary_keys_to_big_integers',	61),
(100,	'2021_03_30_204116_create_feature_preview_user_states_table',	62),
(101,	'2021_03_30_204431_create_feature_preview_user_state_activities_table',	62),
(102,	'2021_04_16_182512_update_accounts_add_first_last_payment',	62),
(103,	'2021_06_01_202647_add_feature_preview_user_foreign_keys',	62),
(104,	'2021_04_15_222052_change_account_prefixes_to_supporter',	63),
(105,	'2021_04_27_025330_update_order_paid_to_contribution_paid',	63),
(106,	'2021_06_08_145157_add_last_opened_updates_feed_at_to_users_table',	64),
(107,	'2021_06_10_194004_create_transient_logs_table',	65),
(108,	'2021_04_09_073549_add_billing_cycle_anchor_to_recurring_payment_profiles_table',	66),
(109,	'2021_06_10_161021_add_verified_status_to_member_table',	67),
(110,	'2021_06_24_141812_create_user_page_visits_table',	68),
(111,	'2021_06_17_153819_extract_member_email_opt_in_to_new_table__member_optin_logs_table',	69),
(112,	'2021_07_28_153319_rename_email_opt_in_column_to_email_opt_in_deprecated',	70),
(113,	'2021_07_13_141039_create_external_references_table',	71),
(114,	'2021_08_10_154307_add_braintree_customer_id_to_member_table',	72),
(115,	'2021_09_01_185904_add_capped_to_transaction_fees_table',	73),
(116,	'2021_09_17_141742_add_emoji_flag_for_virtual_events',	74),
(117,	'2021_06_28_181545_add_designation_options_column_to_product_table',	75),
(118,	'2021_06_28_173655_add_general_ledger_code_column_to_productorderitem_table',	76),
(119,	'2021_05_30_121000_create_ledger_entries_table',	77),
(120,	'2021_08_25_192926_drop_nodecontent_table',	77),
(121,	'2021_09_28_131742_add_honor_roll_flag_for_virtual_events',	78),
(122,	'2021_09_28_183325_add_theme_settings_for_virtual_events',	78),
(123,	'2021_10_01_131151_drop_sponsorship_fk_on_ledger_entries_table',	79),
(124,	'2021_10_05_190322_add_disables_generic_on_emails_table',	80),
(125,	'2021_10_06_121806_create_emailables_pivot_table',	80),
(126,	'2021_10_08_151410_rename_legacy_email_relation_columns',	81),
(127,	'2021_11_10_155329_add_soft_deletes_to_ledger_entries',	82),
(128,	'2021_10_22_190141_create_social_identities_table',	83),
(129,	'2021_12_14_132441_add_remember_to_user_logins_table',	84),
(130,	'2022_01_28_214728_add_type_to_product_table',	85),
(131,	'2022_02_16_201232_fix_bad_currency_column_datatypes',	86),
(132,	'2022_04_12_150140_add_guideline_acceptance_date_to_fundraising_pages',	87),
(133,	'2022_04_22_153137_add_description_template_to_fundraising_pages',	88),
(134,	'2022_05_12_153308_add_index_on_member_optin_logs_table',	89),
(135,	'2019_10_14_034236_add_autosave_to_node_table',	90),
(136,	'2022_05_20_142219_add_localization_columns_on_member_tables',	91),
(137,	'2022_05_24_134518_add_localization_columns_on_productorder_table',	91),
(138,	'2022_06_08_164038_make_social_identities_table_morphable',	92),
(139,	'2022_03_07_152207_add_mapping_column_to_import',	93),
(140,	'2022_07_06_152130_add_initial_transaction_to_payment_methods_table',	93),
(141,	'2022_04_08_193303_add_wallet_pay_to_payment_providers_table',	94),
(142,	'2022_04_08_202343_add_card_wallet_to_payment_methods_table',	94),
(143,	'2022_04_08_223703_add_card_wallet_to_payments_table',	94),
(144,	'2022_07_10_000441_add_upgrade_flag_to_order_items_table',	94),
(145,	'2022_07_17_003340_add_stripe_intents_to_tables',	94),
(146,	'2022_06_09_152033_add_avatar_on_social_identities',	95),
(147,	'2022_08_15_194551_add_dcc_type_columns',	96),
(148,	'2022_08_08_155359_add_platform_fee_type_to_recurring_payment_profiles_table',	97);

DROP TABLE IF EXISTS `migrations_data`;
CREATE TABLE `migrations_data` (
  `id` bigint(20) unsigned NOT NULL AUTO_INCREMENT,
  `migration` varchar(255) COLLATE utf8mb4_unicode_ci NOT NULL,
  `batch` int(11) NOT NULL,
  PRIMARY KEY (`id`)
) ENGINE=InnoDB DEFAULT CHARSET=utf8mb4 COLLATE=utf8mb4_unicode_ci;

INSERT INTO `migrations_data` (`id`, `migration`, `batch`) VALUES
(1,	'2019_08_08_181713_backfill_payment_ipaddresses',	1),
(3,	'2019_08_14_070111_backfill_currency_data',	2),
(4,	'2019_09_19_205147_update_dates_for_offline_payments',	3),
(5,	'2019_10_22_151502_sum_lifetime_totals_to_members_table',	4),
(6,	'2019_11_19_201437_adjust_support_levels',	5),
(7,	'2019_11_19_203455_update_clients_support_levels',	6),
(8,	'2019_11_25_151502_resum_lifetime_totals_for_sponsorships',	7),
(9,	'2019_12_02_192048_migrate_sponsorship_setting',	8),
(10,	'2019_12_10_155459_backfill_segment_types',	9),
(11,	'2019_12_18_151502_resum_lifetime_totals_for_sponsorship_offsets',	10),
(12,	'2019_11_02_151502_migrate_transaction_fee_settings',	11),
(13,	'2020_02_06_195022_backfill_dp_ids_for_transactions',	12),
(14,	'2020_02_20_195022_ensure_sponsorship_counts_are_correct',	13),
(15,	'2020_03_17_015844_backfill_total_items_on_orders_table',	14),
(16,	'2020_01_21_053416_populate_tax_receipts_pivot_table',	15),
(17,	'2019_12_19_063137_migrate_nodecontent_data_to_node_table',	16),
(18,	'2020_05_11_155010_update_user_morphmaps',	17),
(19,	'2020_08_16_141443_backfill_currecy_data_for_pledges',	18),
(20,	'2020_08_17_214811_add_customer_pledge_received_email',	18),
(21,	'2020_08_18_162009_add_dashboard_perm_to_users',	18),
(22,	'2021_02_16_152323_update_notify_recurring_batch_summary_for_account_owners',	19),
(23,	'2021_05_12_082323_ensure_alternate_content_is_empty',	20),
(24,	'2021_04_16_184633_backfill_member_first_and_last_payment_date',	21),
(25,	'2021_06_23_142921_update-emails-with-contribution-language',	22),
(26,	'2021_06_24_140524_update-emails-with-supporter-language',	23),
(27,	'2021_06_24_145914_backfill_member_optins',	24),
(28,	'2021_09_29_142422_disable_dp_calculated_fields_trigger_setting',	25),
(29,	'2021_10_06_125249_make_emailables_morphs',	26),
(30,	'2021_10_14_141012_populate_emailables',	27),
(31,	'2022_01_28_215157_add_type_to_product_templates',	28),
(32,	'2022_04_19_153736_add-fundraising-image-theme-setting',	29),
(33,	'2022_04_19_183010_add-fundraising-video-theme-setting',	30),
(34,	'2022_04_25_151710_disable_fundraising_custom_descriptions',	31),
(35,	'2022_05_04_163149_enable_fundraiser_profanity_filter',	32),
(36,	'2022_05_30_152054_localize_supporters_based_on_first_contribtion',	33);

DROP TABLE IF EXISTS `monitoring_incidents`;
CREATE TABLE `monitoring_incidents` (
  `id` bigint(20) unsigned NOT NULL AUTO_INCREMENT,
  `incident_type` varchar(64) COLLATE utf8mb4_unicode_ci NOT NULL,
  `triggered_at` datetime NOT NULL,
  `recovered_at` datetime DEFAULT NULL,
  `recovered_by` int(11) DEFAULT NULL,
  `action_taken` varchar(64) COLLATE utf8mb4_unicode_ci DEFAULT NULL,
  `last_notified_at` datetime DEFAULT NULL,
  PRIMARY KEY (`id`),
  KEY `monitoring_incidents_incident_type_index` (`incident_type`)
) ENGINE=InnoDB DEFAULT CHARSET=utf8mb4 COLLATE=utf8mb4_unicode_ci;


DROP TABLE IF EXISTS `node`;
CREATE TABLE `node` (
  `id` bigint(20) unsigned NOT NULL AUTO_INCREMENT,
  `parentid` int(11) DEFAULT NULL,
  `sequence` int(10) unsigned DEFAULT NULL,
  `title` varchar(150) COLLATE utf8mb4_unicode_ci DEFAULT NULL,
  `type` varchar(20) COLLATE utf8mb4_unicode_ci DEFAULT NULL,
  `level` int(10) unsigned DEFAULT NULL,
  `isactive` int(1) unsigned DEFAULT NULL,
  `ishidden` int(1) unsigned DEFAULT NULL,
  `url` varchar(500) COLLATE utf8mb4_unicode_ci DEFAULT NULL,
  `pagetitle` varchar(150) COLLATE utf8mb4_unicode_ci DEFAULT NULL,
  `template_suffix` varchar(64) COLLATE utf8mb4_unicode_ci DEFAULT NULL,
  `target` varchar(45) COLLATE utf8mb4_unicode_ci DEFAULT NULL,
  `access_required` varchar(500) COLLATE utf8mb4_unicode_ci DEFAULT NULL,
  `requires_login` tinyint(1) unsigned NOT NULL DEFAULT '0',
  `hide_menu_link_when_logged_out` tinyint(1) unsigned NOT NULL,
  `protected` tinyint(1) unsigned NOT NULL DEFAULT '0',
  `code` varchar(45) COLLATE utf8mb4_unicode_ci DEFAULT NULL,
  `category_id` int(11) DEFAULT NULL,
  `metadescription` varchar(500) COLLATE utf8mb4_unicode_ci DEFAULT NULL,
  `metakeywords` varchar(500) COLLATE utf8mb4_unicode_ci DEFAULT NULL,
  `featured_image_id` int(11) unsigned DEFAULT NULL,
  `alt_image_id` int(11) unsigned DEFAULT NULL,
  `body` longtext COLLATE utf8mb4_unicode_ci,
  `autosave` tinyint(1) DEFAULT NULL,
  `created_by` int(10) unsigned DEFAULT NULL,
  `created_at` datetime DEFAULT NULL,
  `updated_by` int(10) unsigned DEFAULT NULL,
  `updated_at` datetime DEFAULT NULL,
  PRIMARY KEY (`id`),
  KEY `parentid` (`parentid`),
  KEY `featured_image_id` (`featured_image_id`),
  KEY `alt_image_id` (`alt_image_id`)
) ENGINE=InnoDB DEFAULT CHARSET=utf8mb4 COLLATE=utf8mb4_unicode_ci;

INSERT INTO `node` (`id`, `parentid`, `sequence`, `title`, `type`, `level`, `isactive`, `ishidden`, `url`, `pagetitle`, `template_suffix`, `target`, `access_required`, `requires_login`, `hide_menu_link_when_logged_out`, `protected`, `code`, `category_id`, `metadescription`, `metakeywords`, `featured_image_id`, `alt_image_id`, `body`, `autosave`, `created_by`, `created_at`, `updated_by`, `updated_at`) VALUES
(1,	0,	1,	'Home',	'html',	NULL,	1,	0,	NULL,	'Home',	'splash',	'',	NULL,	0,	0,	1,	'home',	NULL,	NULL,	NULL,	NULL,	NULL,	'<section class=\"mceBackground py-5 mceNonEditable\" style=\"background-color: #d1d1d1; background-image: url(\'https://cdn.givecloud.co/s/files/1/0000/0687/files/photo-1557683316-973673baf926.jpeg\'); background-size: cover; background-attachment: scroll; min-height: 80vh; display: flex; align-items: center; justify-content: center; background-position: center center;\">\r\n<div class=\"container\">\r\n<div class=\"mceEditable\">\r\n<h1 class=\"text-center mb-3 mt-0 text-white wow fadeInDown\">Help Grow Our Cause<br /><small>With a High Impact Message Here</small></h1>\r\n<div class=\"text-center wow fadeInUp\" data-wow-delay=\"0.2s\"><a class=\"btn btn-light m-1\" href=\"/give\">Give Now</a></div>\r\n</div>\r\n</div>\r\n</section>',	NULL,	1,	'2019-01-01 00:00:00',	1,	'2019-01-01 00:00:00'),
(2,	0,	2,	'Main Menu',	'menu',	NULL,	1,	0,	'',	NULL,	NULL,	NULL,	NULL,	0,	0,	0,	NULL,	NULL,	NULL,	NULL,	NULL,	NULL,	NULL,	NULL,	1,	'2019-06-28 02:10:59',	1,	'2019-06-28 02:10:59'),
(3,	0,	3,	'Top Left Menu',	'menu',	NULL,	1,	0,	'',	NULL,	NULL,	NULL,	NULL,	0,	0,	0,	NULL,	NULL,	NULL,	NULL,	NULL,	NULL,	NULL,	NULL,	1,	'2019-06-28 02:11:22',	1,	'2019-06-28 02:11:22'),
(4,	0,	4,	'Top Right Menu',	'menu',	NULL,	1,	0,	'',	NULL,	NULL,	NULL,	NULL,	0,	0,	0,	NULL,	NULL,	NULL,	NULL,	NULL,	NULL,	NULL,	NULL,	1,	'2019-06-28 02:11:28',	1,	'2019-06-28 02:11:28'),
(5,	0,	5,	'Footer Menu',	'menu',	NULL,	1,	0,	'',	NULL,	NULL,	NULL,	NULL,	0,	0,	0,	NULL,	NULL,	NULL,	NULL,	NULL,	NULL,	NULL,	NULL,	1,	'2019-06-28 02:11:39',	1,	'2019-06-28 02:11:39'),
(6,	5,	1,	'Privacy Policy',	'html',	NULL,	1,	0,	'privacy-policy',	'',	'full-width',	'',	NULL,	0,	0,	0,	NULL,	NULL,	NULL,	NULL,	NULL,	NULL,	'<section class=\"mceNonEditable mceBackground bg-primary text-white py-5\">\r\n<div class=\"container d-flex align-items-center justify-content-center flex-column flex-md-row justify-content-md-ends\">\r\n<div class=\"mceEditable p-2 wow fadeInRight\">\r\n<h1 class=\"text-center text-white text-md-left my-0\">Privacy Policy</h1>\r\n</div>\r\n<div class=\"mceEditable ml-md-auto p-2 text-center text-md-right wow fadeInLeft\">&nbsp;</div>\r\n</div>\r\n</section>\r\n<div class=\"container mceNonEditable mceBackground\">\r\n<div class=\"mceEditable py-5\">\r\n<p>This privacy notice discloses the privacy practices for&nbsp;(website address). This privacy notice applies solely to information collected by this website. It will notify you of the following:</p>\r\n<ul>\r\n<li>What personally identifiable information is collected from you through the website, how it is used and with whom it may be shared.</li>\r\n<li>What choices are available to you regarding the use of your data.</li>\r\n<li>The security procedures in place to protect the misuse of your information.</li>\r\n<li>How you can correct any inaccuracies in the information.</li>\r\n</ul>\r\n<h2>Information Collection, Use, and Sharing</h2>\r\n<p>We are the sole owners of the information collected on this site. We only have access to/collect information that you voluntarily give us via email or other direct contact from you. We will not sell or rent this information to anyone.</p>\r\n<p>We will use your information to respond to you, regarding the reason you contacted us. We will not share your information with any third party outside of our organization, other than as necessary to fulfill your request, e.g. to ship an order.</p>\r\n<p>Unless you ask us not to, we may contact you via email in the future to tell you about specials, new products or services, or changes to this privacy policy.</p>\r\n<h2>Your Access to and Control Over Information&nbsp;</h2>\r\n<p>You may opt out of any future contacts from us at any time. You can do the following at any time by contacting us via the email address or phone number given on our website:</p>\r\n<ul>\r\n<li>See what data we have about you, if any.</li>\r\n<li>Change/correct any data we have about you.</li>\r\n<li>Have us delete any data we have about you.</li>\r\n<li>Express any concern you have about our use of your data.</li>\r\n</ul>\r\n<h2>Security</h2>\r\n<p>We take precautions to protect your information. When you submit sensitive information via the website, your information is protected both online and offline.</p>\r\n<p>Wherever we collect sensitive information (such as credit card data), that information is encrypted and transmitted to us in a secure way. You can verify this by looking for a lock icon in the address bar and looking for \"https\" at the beginning of the address of the Web page.</p>\r\n<p>While we use encryption to protect sensitive information transmitted online, we also protect your information offline. Only employees who need the information to perform a specific job (for example, billing or customer service) are granted access to personally identifiable information. The computers/servers in which we store personally identifiable information are kept in a secure environment.</p>\r\n<p><strong>If you feel that we are not abiding by this privacy policy, you should contact us immediately.</strong></p>\r\n</div>\r\n</div>',	NULL,	1,	'2019-06-28 02:12:42',	1,	'2019-06-28 02:12:42'),
(7,	0,	6,	'Hero Menu',	'menu',	NULL,	1,	0,	'',	NULL,	NULL,	NULL,	NULL,	0,	0,	0,	NULL,	NULL,	NULL,	NULL,	NULL,	NULL,	NULL,	NULL,	1,	'2019-06-28 02:24:16',	1,	'2019-06-28 02:24:16'),
(8,	2,	1,	' Main Website',	'menu',	NULL,	1,	0,	'',	NULL,	NULL,	NULL,	NULL,	0,	0,	0,	NULL,	NULL,	NULL,	NULL,	NULL,	NULL,	NULL,	NULL,	1,	'2019-06-28 02:57:23',	1,	'2019-06-28 02:57:23');

DROP TABLE IF EXISTS `order_promocodes`;
CREATE TABLE `order_promocodes` (
  `id` bigint(20) unsigned NOT NULL AUTO_INCREMENT,
  `order_id` bigint(20) unsigned NOT NULL,
  `promocode` varchar(45) COLLATE utf8mb4_unicode_ci DEFAULT NULL,
  PRIMARY KEY (`id`),
  KEY `order_promocodes_order_id_foreign` (`order_id`),
  CONSTRAINT `order_promocodes_order_id_foreign` FOREIGN KEY (`order_id`) REFERENCES `productorder` (`id`) ON DELETE CASCADE
) ENGINE=InnoDB DEFAULT CHARSET=utf8mb4 COLLATE=utf8mb4_unicode_ci;


DROP TABLE IF EXISTS `password_resets`;
CREATE TABLE `password_resets` (
  `email` varchar(255) COLLATE utf8mb4_unicode_ci NOT NULL,
  `token` varchar(255) COLLATE utf8mb4_unicode_ci NOT NULL,
  `created_at` datetime DEFAULT NULL,
  KEY `password_resets_email_index` (`email`),
  KEY `password_resets_token_index` (`token`)
) ENGINE=InnoDB DEFAULT CHARSET=utf8mb4 COLLATE=utf8mb4_unicode_ci;


DROP TABLE IF EXISTS `payments`;
CREATE TABLE `payments` (
  `id` bigint(20) unsigned NOT NULL AUTO_INCREMENT COMMENT 'Unique identifier for the object.',
  `type` enum('card','bank','paypal','cheque','cash','unknown') COLLATE utf8mb4_unicode_ci NOT NULL,
  `livemode` tinyint(1) unsigned NOT NULL COMMENT 'Indicates whether the payment exists in live mode.',
  `status` enum('succeeded','pending','failed') COLLATE utf8mb4_unicode_ci NOT NULL COMMENT 'The status of the payment.',
  `amount` decimal(19,4) unsigned NOT NULL COMMENT 'Amount representing how much to charge.',
  `amount_refunded` decimal(19,4) unsigned NOT NULL COMMENT 'Amount refunded (can be less than the amount attribute on the payment if a partial refund was issued).',
  `currency` char(3) COLLATE utf8mb4_unicode_ci NOT NULL COMMENT 'Three-letter ISO currency code.',
  `paid` tinyint(1) unsigned NOT NULL COMMENT 'If the payment succeeded, or was successfully authorized for later capture.',
  `captured` tinyint(1) unsigned NOT NULL COMMENT 'If the payment was created without capturing, this Boolean represents whether it is still uncaptured or has since been captured.',
  `captured_at` datetime DEFAULT NULL,
  `refunded` tinyint(1) unsigned NOT NULL COMMENT 'Whether the payment has been fully refunded. If the payment is only partially refunded, this attribute will still be false.',
  `functional_currency_code` char(3) COLLATE utf8mb4_unicode_ci DEFAULT NULL,
  `functional_exchange_rate` decimal(23,10) NOT NULL DEFAULT '1.0000000000',
  `functional_total` decimal(19,4) NOT NULL DEFAULT '0.0000',
  `reference_number` varchar(40) COLLATE utf8mb4_unicode_ci DEFAULT NULL COMMENT 'Transaction ID on the gateway.',
  `description` text COLLATE utf8mb4_unicode_ci NOT NULL COMMENT 'Often useful for displaying to users.',
  `statement_descriptor` varchar(25) COLLATE utf8mb4_unicode_ci DEFAULT NULL COMMENT 'Extra information about a payment. This will appear on your customer''s statement.',
  `dispute` varchar(140) COLLATE utf8mb4_unicode_ci DEFAULT NULL COMMENT 'Details about the dispute if the payment has been disputed.',
  `failure_code` varchar(40) COLLATE utf8mb4_unicode_ci DEFAULT NULL COMMENT 'Error code explaining reason for payment failure if available',
  `failure_message` varchar(255) COLLATE utf8mb4_unicode_ci DEFAULT NULL COMMENT 'Message to user further explaining reason for payment failure if available.',
  `outcome` enum('authorized','manual_review','issuer_declined','blocked','invalid') COLLATE utf8mb4_unicode_ci NOT NULL COMMENT 'Details about whether the payment was accepted, and why.',
  `source_account_id` bigint(20) unsigned DEFAULT NULL COMMENT 'The account that this source belongs to. ',
  `source_payment_method_id` bigint(20) unsigned DEFAULT NULL,
  `gateway_type` varchar(40) COLLATE utf8mb4_unicode_ci DEFAULT 'NULL',
  `gateway_customer` varchar(64) COLLATE utf8mb4_unicode_ci DEFAULT 'NULL' COMMENT 'For Stripe a customer. For PaySafe a profile. For Vanco a customer.',
  `gateway_source` varchar(40) COLLATE utf8mb4_unicode_ci DEFAULT 'NULL' COMMENT 'For NMI a customer vault. For Stripe a card or bank account. For PayPal a billing agreement.',
  `card_funding` enum('credit','debit','prepaid','unknown') COLLATE utf8mb4_unicode_ci DEFAULT NULL COMMENT 'Card funding type.',
  `card_brand` enum('American Express','Carte Blanche','China UnionPay','Diners Club','Discover','Elo','JCB','Laser','Maestro','MasterCard','Solo','Switch','UnionPay','Visa','Unknown') COLLATE utf8mb4_unicode_ci DEFAULT NULL COMMENT 'Card brand.',
  `card_fingerprint` varchar(40) COLLATE utf8mb4_unicode_ci DEFAULT NULL COMMENT 'Uniquely identifies this particular card number.',
  `card_last4` char(4) COLLATE utf8mb4_unicode_ci DEFAULT NULL COMMENT 'The last four digits of the card.',
  `card_exp_month` tinyint(2) unsigned DEFAULT NULL COMMENT 'Two-digit number representing the cards expiration month.',
  `card_exp_year` smallint(4) unsigned DEFAULT NULL COMMENT 'Four-digit number representing the cards expiration year.',
  `card_cvc_check` enum('pass','fail','unavailable','unchecked') COLLATE utf8mb4_unicode_ci DEFAULT NULL COMMENT 'If a CVC was provided, results of the check.',
  `card_tokenization_method` enum('apple_pay','android_pay') COLLATE utf8mb4_unicode_ci DEFAULT NULL COMMENT 'If the card number is tokenized, this is the method that was used.',
  `card_entry_type` enum('mag_stripe_reader','integrated_circuit_card','card_not_present') COLLATE utf8mb4_unicode_ci DEFAULT NULL,
  `card_verification` enum('signature','pin','pin_signature','failed','not_required') COLLATE utf8mb4_unicode_ci DEFAULT NULL,
  `card_wallet` varchar(12) COLLATE utf8mb4_unicode_ci DEFAULT NULL,
  `card_country` char(2) COLLATE utf8mb4_unicode_ci DEFAULT NULL COMMENT 'Two-letter ISO code representing the country of the card.',
  `card_name` varchar(255) COLLATE utf8mb4_unicode_ci DEFAULT NULL COMMENT 'Cardholder name.',
  `card_address_line1` varchar(255) COLLATE utf8mb4_unicode_ci DEFAULT NULL COMMENT 'Address line 1 (Street address/PO Box/Company name).',
  `card_address_line1_check` enum('pass','fail','unavailable','unchecked') COLLATE utf8mb4_unicode_ci DEFAULT NULL COMMENT 'Results of the check.',
  `card_address_line2` varchar(255) COLLATE utf8mb4_unicode_ci DEFAULT NULL COMMENT 'Address line 2 (Apartment/Suite/Unit/Building)',
  `card_address_city` varchar(255) COLLATE utf8mb4_unicode_ci DEFAULT NULL COMMENT 'City/District/Suburb/Town/Village.',
  `card_address_state` varchar(255) COLLATE utf8mb4_unicode_ci DEFAULT NULL COMMENT 'State/County/Province/Region.',
  `card_address_zip` varchar(255) COLLATE utf8mb4_unicode_ci DEFAULT NULL COMMENT 'ZIP or postal code.',
  `card_address_zip_check` enum('pass','fail','unavailable','unchecked') COLLATE utf8mb4_unicode_ci DEFAULT NULL COMMENT 'Results of the check.',
  `card_address_country` varchar(255) COLLATE utf8mb4_unicode_ci DEFAULT NULL COMMENT 'Billing address country, if provided when creating card.',
  `bank_name` varchar(40) COLLATE utf8mb4_unicode_ci DEFAULT NULL COMMENT 'Name of the bank associated with the routing number.',
  `bank_fingerprint` varchar(40) COLLATE utf8mb4_unicode_ci DEFAULT NULL COMMENT 'Uniquely identifies this particular bank account.',
  `bank_last4` char(4) COLLATE utf8mb4_unicode_ci DEFAULT NULL COMMENT 'The last four digits of the bank account number.',
  `bank_account_holder_name` varchar(255) COLLATE utf8mb4_unicode_ci DEFAULT NULL COMMENT 'The name of the person or business that owns the bank account.',
  `bank_account_holder_type` enum('individual','company') COLLATE utf8mb4_unicode_ci DEFAULT NULL COMMENT 'The type of entity that holds the bank account.',
  `bank_account_type` enum('checking','savings') COLLATE utf8mb4_unicode_ci DEFAULT NULL,
  `bank_routing_number` varchar(40) COLLATE utf8mb4_unicode_ci DEFAULT NULL COMMENT 'The routing transit number for the bank account.',
  `cheque_number` varchar(40) COLLATE utf8mb4_unicode_ci DEFAULT NULL,
  `cheque_date` date DEFAULT NULL,
  `signature` longtext COLLATE utf8mb4_unicode_ci,
  `ip_address` varchar(40) COLLATE utf8mb4_unicode_ci DEFAULT NULL,
  `ip_country` char(2) COLLATE utf8mb4_unicode_ci DEFAULT NULL,
  `platform_fee_type` varchar(32) COLLATE utf8mb4_unicode_ci DEFAULT NULL,
  `stripe_payment_intent` varchar(64) CHARACTER SET utf8 COLLATE utf8_bin DEFAULT NULL,
  `payment_audit_log` longtext CHARACTER SET utf8mb4 COLLATE utf8mb4_bin,
  `created_at` datetime DEFAULT NULL,
  `updated_at` datetime DEFAULT NULL,
  PRIMARY KEY (`id`),
  KEY `source_account_id` (`source_account_id`),
  KEY `source_payment_method_id` (`source_payment_method_id`),
  KEY `payments_platform_fee_type_index` (`platform_fee_type`),
  CONSTRAINT `payments_ibfk_2` FOREIGN KEY (`source_account_id`) REFERENCES `member` (`id`),
  CONSTRAINT `payments_ibfk_3` FOREIGN KEY (`source_payment_method_id`) REFERENCES `payment_methods` (`id`)
) ENGINE=InnoDB DEFAULT CHARSET=utf8mb4 COLLATE=utf8mb4_unicode_ci;


DROP TABLE IF EXISTS `payments_pivot`;
CREATE TABLE `payments_pivot` (
  `id` bigint(20) unsigned NOT NULL AUTO_INCREMENT,
  `payment_id` bigint(20) unsigned NOT NULL,
  `order_id` bigint(20) unsigned DEFAULT NULL,
  `recurring_payment_profile_id` bigint(20) unsigned DEFAULT NULL COMMENT 'Temporary column. Required until we eliminate rpps.',
  `transaction_id` bigint(20) unsigned DEFAULT NULL COMMENT 'Temporary column. Required until we eliminate transactions.',
  PRIMARY KEY (`id`),
  UNIQUE KEY `payment_id_order` (`payment_id`,`order_id`),
  UNIQUE KEY `payment_id_transaction` (`payment_id`,`recurring_payment_profile_id`,`transaction_id`),
  KEY `order_id` (`order_id`),
  KEY `recurring_payment_profile_id` (`recurring_payment_profile_id`),
  KEY `transaction_id` (`transaction_id`),
  CONSTRAINT `payments_pivot_ibfk_1` FOREIGN KEY (`payment_id`) REFERENCES `payments` (`id`) ON DELETE CASCADE,
  CONSTRAINT `payments_pivot_ibfk_2` FOREIGN KEY (`order_id`) REFERENCES `productorder` (`id`),
  CONSTRAINT `payments_pivot_ibfk_4` FOREIGN KEY (`recurring_payment_profile_id`) REFERENCES `recurring_payment_profiles` (`id`),
  CONSTRAINT `payments_pivot_ibfk_5` FOREIGN KEY (`transaction_id`) REFERENCES `transactions` (`id`)
) ENGINE=InnoDB DEFAULT CHARSET=utf8mb4 COLLATE=utf8mb4_unicode_ci;


DROP TABLE IF EXISTS `payment_methods`;
CREATE TABLE `payment_methods` (
  `id` bigint(20) unsigned NOT NULL AUTO_INCREMENT,
  `member_id` bigint(20) unsigned DEFAULT NULL COMMENT 'Member ID for the user',
  `payment_provider_id` bigint(20) unsigned NOT NULL,
  `status` varchar(12) COLLATE utf8mb4_unicode_ci NOT NULL DEFAULT 'ACTIVE',
  `display_name` varchar(40) COLLATE utf8mb4_unicode_ci NOT NULL DEFAULT '' COMMENT 'Display name of funding source.',
  `token` varchar(40) COLLATE utf8mb4_unicode_ci DEFAULT NULL COMMENT '3rd-party token or ID. For example, a Vault ID.',
  `token_type` varchar(40) COLLATE utf8mb4_unicode_ci DEFAULT NULL,
  `use_as_default` tinyint(1) unsigned NOT NULL DEFAULT '0' COMMENT 'Flag used to default the default funding source.',
  `fingerprint` varchar(40) COLLATE utf8mb4_unicode_ci DEFAULT NULL,
  `account_type` varchar(32) COLLATE utf8mb4_unicode_ci DEFAULT NULL,
  `account_last_four` char(4) COLLATE utf8mb4_unicode_ci DEFAULT NULL COMMENT 'Last 4 digits or characters in account number.',
  `cc_expiry` date DEFAULT NULL,
  `cc_wallet` varchar(12) COLLATE utf8mb4_unicode_ci DEFAULT NULL,
  `ach_bank_name` varchar(40) COLLATE utf8mb4_unicode_ci DEFAULT NULL,
  `ach_account_type` varchar(14) COLLATE utf8mb4_unicode_ci DEFAULT NULL COMMENT 'The customer''s ACH account type. Values: ''checking'' or ''savings''.',
  `ach_entity_type` varchar(14) COLLATE utf8mb4_unicode_ci DEFAULT NULL COMMENT 'The customer''s ACH account entity. Values: ''personal'' or ''business''.',
  `ach_routing` varchar(14) COLLATE utf8mb4_unicode_ci DEFAULT NULL,
  `currency_code` char(3) COLLATE utf8mb4_unicode_ci DEFAULT NULL,
  `billing_first_name` varchar(255) COLLATE utf8mb4_unicode_ci DEFAULT NULL COMMENT 'Cardholder''s first name.',
  `billing_last_name` varchar(255) COLLATE utf8mb4_unicode_ci DEFAULT NULL COMMENT 'Cardholder''s last name.',
  `billing_email` varchar(255) COLLATE utf8mb4_unicode_ci DEFAULT NULL,
  `billing_address1` varchar(255) COLLATE utf8mb4_unicode_ci DEFAULT NULL COMMENT 'Cardholder''s billing address.',
  `billing_address2` varchar(255) COLLATE utf8mb4_unicode_ci DEFAULT NULL COMMENT 'Card billing address, line 2.',
  `billing_city` varchar(255) COLLATE utf8mb4_unicode_ci DEFAULT NULL COMMENT 'Card billing city.',
  `billing_state` varchar(255) COLLATE utf8mb4_unicode_ci DEFAULT NULL COMMENT 'Card billing state/province. Format: CC.',
  `billing_postal` varchar(255) COLLATE utf8mb4_unicode_ci DEFAULT NULL COMMENT 'Card billing postal code.',
  `billing_country` varchar(255) COLLATE utf8mb4_unicode_ci DEFAULT NULL COMMENT 'Card billing country code. Format: CC/ISO 3166.',
  `billing_phone` varchar(255) COLLATE utf8mb4_unicode_ci DEFAULT NULL COMMENT 'Billing phone number.',
  `credential_on_file` tinyint(1) DEFAULT NULL,
  `initial_transaction_id` varchar(64) COLLATE utf8mb4_unicode_ci DEFAULT NULL,
  `authorizenet_customer_id` varchar(40) COLLATE utf8mb4_unicode_ci DEFAULT NULL,
  `braintree_customer_id` varchar(64) COLLATE utf8mb4_unicode_ci DEFAULT NULL,
  `paypal_payer_id` varchar(40) COLLATE utf8mb4_unicode_ci DEFAULT NULL,
  `paysafe_profile_id` varchar(40) COLLATE utf8mb4_unicode_ci DEFAULT NULL,
  `stripe_customer_id` varchar(64) COLLATE utf8mb4_unicode_ci DEFAULT NULL,
  `stripe_setup_intent` varchar(64) CHARACTER SET utf8 COLLATE utf8_bin DEFAULT NULL,
  `vanco_customer_ref` varchar(40) COLLATE utf8mb4_unicode_ci DEFAULT NULL,
  `created_at` datetime DEFAULT NULL,
  `updated_at` datetime DEFAULT NULL,
  `deleted_at` datetime DEFAULT NULL,
  PRIMARY KEY (`id`),
  KEY `member_id` (`member_id`),
  KEY `payment_provider_id` (`payment_provider_id`),
  CONSTRAINT `payment_methods_ibfk_2` FOREIGN KEY (`member_id`) REFERENCES `member` (`id`) ON DELETE CASCADE,
  CONSTRAINT `payment_methods_ibfk_3` FOREIGN KEY (`payment_provider_id`) REFERENCES `payment_providers` (`id`)
) ENGINE=InnoDB DEFAULT CHARSET=utf8mb4 COLLATE=utf8mb4_unicode_ci;


DROP TABLE IF EXISTS `payment_option`;
CREATE TABLE `payment_option` (
  `id` bigint(20) unsigned NOT NULL AUTO_INCREMENT,
  `group_id` bigint(20) unsigned DEFAULT NULL,
  `sequence` int(11) DEFAULT NULL,
  `amount` decimal(19,4) NOT NULL DEFAULT '0.0000',
  `is_custom` tinyint(1) NOT NULL DEFAULT '0',
  `is_recurring` tinyint(1) NOT NULL DEFAULT '0',
  `recurring_day` int(11) DEFAULT NULL,
  `recurring_day_of_week` int(11) DEFAULT NULL,
  `recurring_frequency` varchar(50) COLLATE utf8mb4_unicode_ci DEFAULT NULL,
  `recurring_with_dpo` tinyint(1) NOT NULL DEFAULT '0',
  `created_at` datetime DEFAULT NULL,
  `created_by` bigint(20) unsigned DEFAULT NULL,
  `updated_at` datetime DEFAULT NULL,
  `updated_by` bigint(20) unsigned DEFAULT NULL,
  `is_deleted` tinyint(1) NOT NULL DEFAULT '0',
  PRIMARY KEY (`id`),
  KEY `created_by` (`created_by`),
  KEY `updated_by` (`updated_by`),
  KEY `group_id` (`group_id`),
  CONSTRAINT `payment_option_ibfk_1` FOREIGN KEY (`created_by`) REFERENCES `user` (`id`),
  CONSTRAINT `payment_option_ibfk_2` FOREIGN KEY (`updated_by`) REFERENCES `user` (`id`),
  CONSTRAINT `payment_option_ibfk_3` FOREIGN KEY (`group_id`) REFERENCES `payment_option_group` (`id`)
) ENGINE=InnoDB DEFAULT CHARSET=utf8mb4 COLLATE=utf8mb4_unicode_ci;


DROP TABLE IF EXISTS `payment_option_group`;
CREATE TABLE `payment_option_group` (
  `id` bigint(20) unsigned NOT NULL AUTO_INCREMENT,
  `name` varchar(150) COLLATE utf8mb4_unicode_ci DEFAULT NULL,
  `is_deleted` tinyint(1) NOT NULL DEFAULT '0',
  `created_at` datetime DEFAULT NULL,
  `created_by` bigint(20) unsigned DEFAULT NULL,
  `updated_at` datetime DEFAULT NULL,
  `updated_by` bigint(20) unsigned DEFAULT NULL,
  PRIMARY KEY (`id`),
  KEY `created_by` (`created_by`),
  KEY `updated_by` (`updated_by`),
  CONSTRAINT `payment_option_group_ibfk_1` FOREIGN KEY (`created_by`) REFERENCES `user` (`id`),
  CONSTRAINT `payment_option_group_ibfk_2` FOREIGN KEY (`updated_by`) REFERENCES `user` (`id`)
) ENGINE=InnoDB DEFAULT CHARSET=utf8mb4 COLLATE=utf8mb4_unicode_ci;

INSERT INTO `payment_option_group` (`id`, `name`, `is_deleted`, `created_at`, `created_by`, `updated_at`, `updated_by`) VALUES
(1,	'Standard',	0,	'2015-05-12 15:28:40',	1,	'2015-05-12 15:28:40',	1),
(2,	'Aid Worker',	0,	'2015-05-12 15:29:55',	1,	'2015-05-12 15:29:55',	1),
(3,	'High Risk Area',	0,	'2015-05-12 15:31:23',	1,	'2015-05-12 15:31:23',	1);

DROP TABLE IF EXISTS `payment_providers`;
CREATE TABLE `payment_providers` (
  `id` bigint(20) unsigned NOT NULL AUTO_INCREMENT,
  `enabled` tinyint(1) NOT NULL DEFAULT '1',
  `display_name` varchar(64) COLLATE utf8mb4_unicode_ci NOT NULL,
  `provider` varchar(32) COLLATE utf8mb4_unicode_ci NOT NULL,
  `provider_type` varchar(24) COLLATE utf8mb4_unicode_ci NOT NULL,
  `credential1` text COLLATE utf8mb4_unicode_ci,
  `credential2` text COLLATE utf8mb4_unicode_ci,
  `credential3` text COLLATE utf8mb4_unicode_ci,
  `credential4` text COLLATE utf8mb4_unicode_ci,
  `seller_note` text COLLATE utf8mb4_unicode_ci,
  `show_payment_method` tinyint(1) NOT NULL DEFAULT '0',
  `require_cvv` tinyint(1) NOT NULL DEFAULT '0',
  `card_verification` tinyint(1) NOT NULL DEFAULT '0',
  `deny_if_prepaid` tinyint(1) NOT NULL DEFAULT '0',
  `is_ach_allowed` tinyint(1) NOT NULL DEFAULT '0',
  `is_wallet_pay_allowed` tinyint(1) NOT NULL DEFAULT '0',
  `duplicate_window` int(11) NOT NULL DEFAULT '1200',
  `test_mode` tinyint(1) NOT NULL DEFAULT '0',
  `cards` varchar(32) COLLATE utf8mb4_unicode_ci DEFAULT NULL,
  `config` longtext COLLATE utf8mb4_unicode_ci,
  `transaction_cost` decimal(19,4) DEFAULT NULL,
  `transaction_rate` double DEFAULT NULL,
  `created_at` datetime DEFAULT NULL,
  `created_by` int(11) unsigned DEFAULT NULL,
  `updated_at` datetime DEFAULT NULL,
  `updated_by` int(11) unsigned DEFAULT NULL,
  `deleted_at` datetime DEFAULT NULL,
  `deleted_by` int(11) unsigned DEFAULT NULL,
  PRIMARY KEY (`id`)
) ENGINE=InnoDB DEFAULT CHARSET=utf8mb4 COLLATE=utf8mb4_unicode_ci;

INSERT INTO `payment_providers` (`id`, `enabled`, `display_name`, `provider`, `provider_type`, `credential1`, `credential2`, `credential3`, `credential4`, `seller_note`, `show_payment_method`, `require_cvv`, `card_verification`, `deny_if_prepaid`, `is_ach_allowed`, `is_wallet_pay_allowed`, `duplicate_window`, `test_mode`, `cards`, `config`, `transaction_cost`, `transaction_rate`, `created_at`, `created_by`, `updated_at`, `updated_by`, `deleted_at`, `deleted_by`) VALUES
(2,	1,	'Offline Payments',	'offline',	'offline',	NULL,	NULL,	NULL,	NULL,	NULL,	0,	0,	0,	0,	0,	0,	0,	0,	NULL,	NULL,	NULL,	NULL,	'2019-06-21 13:57:41',	NULL,	'2019-06-21 13:57:41',	NULL,	NULL,	NULL),
(4,	1,	'Givecloud Test Gateway',	'givecloudtest',	'credit',	NULL,	NULL,	NULL,	NULL,	NULL,	0,	0,	0,	0,	0,	1,	1200,	0,	'amex,discover,mastercard,visa',	NULL,	NULL,	NULL,	'2019-06-28 15:13:01',	NULL,	'2019-06-28 15:13:01',	NULL,	NULL,	NULL);

DROP TABLE IF EXISTS `pledgables`;
CREATE TABLE `pledgables` (
  `pledge_campaign_id` int(11) unsigned NOT NULL,
  `pledgable_id` int(11) unsigned NOT NULL,
  `pledgable_type` varchar(64) COLLATE utf8mb4_unicode_ci NOT NULL,
  PRIMARY KEY (`pledge_campaign_id`,`pledgable_id`,`pledgable_type`)
) ENGINE=InnoDB DEFAULT CHARSET=utf8mb4 COLLATE=utf8mb4_unicode_ci;


DROP TABLE IF EXISTS `pledges`;
CREATE TABLE `pledges` (
  `id` bigint(20) unsigned NOT NULL AUTO_INCREMENT,
  `pledge_campaign_id` int(11) unsigned NOT NULL,
  `account_id` int(11) NOT NULL,
  `total_amount` decimal(12,2) NOT NULL DEFAULT '0.00',
  `currency_code` char(3) COLLATE utf8mb4_unicode_ci DEFAULT NULL,
  `functional_currency_code` char(3) COLLATE utf8mb4_unicode_ci DEFAULT NULL,
  `functional_exchange_rate` decimal(23,10) NOT NULL DEFAULT '1.0000000000',
  `functional_total_amount` decimal(12,2) NOT NULL DEFAULT '0.00',
  `functional_funded_amount` decimal(12,2) NOT NULL DEFAULT '0.00',
  `start_date` date DEFAULT NULL,
  `end_date` date DEFAULT NULL,
  `funded_amount` decimal(12,2) NOT NULL DEFAULT '0.00',
  `funded_count` int(10) unsigned NOT NULL DEFAULT '0',
  `funded_percent` decimal(12,2) NOT NULL DEFAULT '0.00',
  `funded_status` varchar(16) COLLATE utf8mb4_unicode_ci DEFAULT NULL,
  `last_donation_date` date DEFAULT NULL,
  `first_donation_date` date DEFAULT NULL,
  `is_anonymous` tinyint(1) NOT NULL DEFAULT '0',
  `comments` text COLLATE utf8mb4_unicode_ci,
  `created_at` datetime DEFAULT NULL,
  `created_by` int(11) unsigned DEFAULT NULL,
  `updated_at` datetime DEFAULT NULL,
  `updated_by` int(11) unsigned DEFAULT NULL,
  `deleted_at` datetime DEFAULT NULL,
  `deleted_by` int(11) unsigned DEFAULT NULL,
  PRIMARY KEY (`id`)
) ENGINE=InnoDB DEFAULT CHARSET=utf8mb4 COLLATE=utf8mb4_unicode_ci;


DROP TABLE IF EXISTS `pledge_campaigns`;
CREATE TABLE `pledge_campaigns` (
  `id` bigint(20) unsigned NOT NULL AUTO_INCREMENT,
  `name` varchar(64) COLLATE utf8mb4_unicode_ci NOT NULL,
  `start_date` date DEFAULT NULL,
  `end_date` date DEFAULT NULL,
  `total_count` int(10) unsigned NOT NULL DEFAULT '0',
  `total_amount` decimal(12,2) NOT NULL DEFAULT '0.00',
  `funded_amount` decimal(12,2) NOT NULL DEFAULT '0.00',
  `funded_count` int(10) unsigned NOT NULL DEFAULT '0',
  `funded_percent` decimal(12,2) NOT NULL DEFAULT '0.00',
  `funded_status` varchar(16) COLLATE utf8mb4_unicode_ci DEFAULT NULL,
  `last_donation_date` date DEFAULT NULL,
  `first_donation_date` date DEFAULT NULL,
  `pledgable_total_amount` decimal(12,2) NOT NULL DEFAULT '0.00',
  `created_at` datetime DEFAULT NULL,
  `created_by` int(11) unsigned DEFAULT NULL,
  `updated_at` datetime DEFAULT NULL,
  `updated_by` int(11) unsigned DEFAULT NULL,
  `deleted_at` datetime DEFAULT NULL,
  `deleted_by` int(11) unsigned DEFAULT NULL,
  PRIMARY KEY (`id`)
) ENGINE=InnoDB DEFAULT CHARSET=utf8mb4 COLLATE=utf8mb4_unicode_ci;


DROP TABLE IF EXISTS `post`;
CREATE TABLE `post` (
  `id` bigint(20) unsigned NOT NULL AUTO_INCREMENT,
  `url_slug` varchar(150) COLLATE utf8mb4_unicode_ci DEFAULT NULL,
  `name` varchar(250) COLLATE utf8mb4_unicode_ci DEFAULT NULL,
  `description` text COLLATE utf8mb4_unicode_ci,
  `modifieddatetime` datetime DEFAULT NULL,
  `modifiedbyuserid` bigint(20) unsigned NOT NULL,
  `type` bigint(20) unsigned NOT NULL,
  `postdatetime` datetime DEFAULT NULL,
  `isenabled` int(10) unsigned DEFAULT NULL,
  `filepath` varchar(500) COLLATE utf8mb4_unicode_ci DEFAULT NULL,
  `media_id` bigint(20) unsigned DEFAULT NULL,
  `sequence` int(10) unsigned DEFAULT NULL,
  `body` longtext COLLATE utf8mb4_unicode_ci,
  `embedcode` text COLLATE utf8mb4_unicode_ci,
  `tags` text COLLATE utf8mb4_unicode_ci,
  `location` text COLLATE utf8mb4_unicode_ci,
  `filepathname` varchar(500) COLLATE utf8mb4_unicode_ci DEFAULT NULL,
  `url` varchar(500) COLLATE utf8mb4_unicode_ci DEFAULT NULL,
  `fineprint` varchar(500) COLLATE utf8mb4_unicode_ci DEFAULT NULL,
  `expirydatetime` datetime DEFAULT NULL,
  `misc1` varchar(500) COLLATE utf8mb4_unicode_ci DEFAULT NULL,
  `misc2` varchar(500) COLLATE utf8mb4_unicode_ci DEFAULT NULL,
  `misc3` varchar(500) COLLATE utf8mb4_unicode_ci DEFAULT NULL,
  `author` varchar(500) COLLATE utf8mb4_unicode_ci DEFAULT NULL,
  `length_formatted` varchar(45) COLLATE utf8mb4_unicode_ci DEFAULT NULL,
  `length_milliseconds` varchar(45) COLLATE utf8mb4_unicode_ci DEFAULT NULL,
  `feature_image` varchar(255) COLLATE utf8mb4_unicode_ci DEFAULT NULL,
  `featured_image_id` bigint(20) unsigned DEFAULT NULL,
  `alt_image` varchar(255) COLLATE utf8mb4_unicode_ci DEFAULT NULL,
  `alt_image_id` bigint(20) unsigned DEFAULT NULL,
  `created_by` int(10) unsigned DEFAULT NULL,
  `created_at` datetime DEFAULT NULL,
  PRIMARY KEY (`id`),
  KEY `modifiedbyuserid` (`modifiedbyuserid`),
  KEY `type` (`type`),
  KEY `isenabled_postdatetime_expirydatetime` (`isenabled`,`postdatetime`,`expirydatetime`),
  KEY `media_id` (`media_id`),
  KEY `featured_image_id` (`featured_image_id`),
  KEY `alt_image_id` (`alt_image_id`),
  CONSTRAINT `post_ibfk_1` FOREIGN KEY (`modifiedbyuserid`) REFERENCES `user` (`id`),
  CONSTRAINT `post_ibfk_2` FOREIGN KEY (`type`) REFERENCES `posttype` (`id`),
  CONSTRAINT `post_ibfk_3` FOREIGN KEY (`media_id`) REFERENCES `media` (`id`) ON DELETE SET NULL,
  CONSTRAINT `post_ibfk_4` FOREIGN KEY (`featured_image_id`) REFERENCES `media` (`id`) ON DELETE SET NULL,
  CONSTRAINT `post_ibfk_5` FOREIGN KEY (`alt_image_id`) REFERENCES `media` (`id`) ON DELETE SET NULL
) ENGINE=InnoDB DEFAULT CHARSET=utf8mb4 COLLATE=utf8mb4_unicode_ci ROW_FORMAT=DYNAMIC;


DROP TABLE IF EXISTS `posttype`;
CREATE TABLE `posttype` (
  `id` bigint(20) unsigned NOT NULL AUTO_INCREMENT,
  `url_slug` varchar(150) COLLATE utf8mb4_unicode_ci DEFAULT NULL,
  `name` varchar(45) COLLATE utf8mb4_unicode_ci DEFAULT NULL,
  `sysname` varchar(45) COLLATE utf8mb4_unicode_ci DEFAULT NULL,
  `template_suffix` varchar(64) COLLATE utf8mb4_unicode_ci DEFAULT NULL,
  `default_template_suffix` varchar(64) COLLATE utf8mb4_unicode_ci DEFAULT NULL,
  `rss_link` varchar(500) COLLATE utf8mb4_unicode_ci DEFAULT NULL,
  `rss_copyright` text COLLATE utf8mb4_unicode_ci,
  `rss_description` text COLLATE utf8mb4_unicode_ci,
  `itunes_subtitle` text COLLATE utf8mb4_unicode_ci,
  `itunes_author` varchar(500) COLLATE utf8mb4_unicode_ci DEFAULT NULL,
  `itunes_owner_name` varchar(500) COLLATE utf8mb4_unicode_ci DEFAULT NULL,
  `itunes_owner_email` varchar(500) COLLATE utf8mb4_unicode_ci DEFAULT NULL,
  `imagepath` varchar(500) COLLATE utf8mb4_unicode_ci DEFAULT NULL,
  `media_id` bigint(20) unsigned DEFAULT NULL,
  `itunes_category` varchar(500) COLLATE utf8mb4_unicode_ci DEFAULT NULL,
  `isitunes` tinyint(3) unsigned NOT NULL DEFAULT '0',
  `created_by` int(10) unsigned DEFAULT NULL,
  `created_at` datetime DEFAULT NULL,
  `updated_by` int(10) unsigned DEFAULT NULL,
  `updated_at` datetime DEFAULT NULL,
  `show_social_share_links` tinyint(1) NOT NULL DEFAULT '0',
  PRIMARY KEY (`id`),
  KEY `media_id` (`media_id`),
  CONSTRAINT `posttype_ibfk_1` FOREIGN KEY (`media_id`) REFERENCES `media` (`id`) ON DELETE SET NULL
) ENGINE=InnoDB DEFAULT CHARSET=utf8mb4 COLLATE=utf8mb4_unicode_ci;


DROP TABLE IF EXISTS `product`;
CREATE TABLE `product` (
  `id` bigint(20) unsigned NOT NULL AUTO_INCREMENT,
  `type` varchar(255) COLLATE utf8mb4_unicode_ci DEFAULT NULL,
  `name` varchar(750) COLLATE utf8mb4_unicode_ci DEFAULT NULL,
  `description` longtext COLLATE utf8mb4_unicode_ci,
  `permalink` varchar(255) COLLATE utf8mb4_unicode_ci DEFAULT NULL,
  `template_suffix` varchar(64) COLLATE utf8mb4_unicode_ci DEFAULT NULL,
  `media_id` bigint(20) unsigned DEFAULT NULL,
  `createddatetime` datetime NOT NULL,
  `modifieddatetime` datetime DEFAULT NULL,
  `isenabled` tinyint(1) unsigned DEFAULT NULL,
  `show_in_pos` tinyint(1) NOT NULL DEFAULT '1',
  `createdbyuserid` bigint(20) unsigned NOT NULL,
  `modifiedbyuserid` bigint(20) unsigned DEFAULT NULL,
  `code` varchar(45) COLLATE utf8mb4_unicode_ci DEFAULT NULL,
  `author` varchar(250) COLLATE utf8mb4_unicode_ci DEFAULT NULL,
  `isfeatured` tinyint(1) unsigned NOT NULL DEFAULT '0',
  `isnew` tinyint(1) unsigned NOT NULL DEFAULT '0',
  `meta1` varchar(200) COLLATE utf8mb4_unicode_ci DEFAULT NULL,
  `meta2` varchar(200) COLLATE utf8mb4_unicode_ci DEFAULT NULL,
  `meta3` varchar(200) COLLATE utf8mb4_unicode_ci DEFAULT NULL,
  `summary` text COLLATE utf8mb4_unicode_ci,
  `isclearance` tinyint(1) unsigned NOT NULL DEFAULT '0',
  `istribute` tinyint(1) unsigned NOT NULL DEFAULT '0',
  `meta4` varchar(200) COLLATE utf8mb4_unicode_ci DEFAULT NULL,
  `meta5` varchar(200) COLLATE utf8mb4_unicode_ci DEFAULT NULL,
  `meta6` varchar(200) COLLATE utf8mb4_unicode_ci DEFAULT NULL,
  `isfblike` tinyint(1) unsigned NOT NULL DEFAULT '1',
  `isfbcomment` tinyint(1) unsigned NOT NULL DEFAULT '1',
  `goalamount` decimal(19,4) DEFAULT NULL,
  `goal_progress_offset` decimal(19,4) DEFAULT NULL,
  `goal_deadline` date DEFAULT NULL,
  `seo_pagetitle` varchar(200) COLLATE utf8mb4_unicode_ci DEFAULT NULL,
  `seo_pagekeywords` text COLLATE utf8mb4_unicode_ci,
  `seo_pagedescription` text COLLATE utf8mb4_unicode_ci,
  `outofstock_allow` tinyint(4) NOT NULL DEFAULT '1',
  `outofstock_message` varchar(250) COLLATE utf8mb4_unicode_ci DEFAULT NULL,
  `limit_sales` int(11) DEFAULT NULL,
  `meta7` varchar(200) COLLATE utf8mb4_unicode_ci DEFAULT NULL,
  `meta8` varchar(200) COLLATE utf8mb4_unicode_ci DEFAULT NULL,
  `meta9` varchar(200) COLLATE utf8mb4_unicode_ci DEFAULT NULL,
  `meta10` varchar(200) COLLATE utf8mb4_unicode_ci DEFAULT NULL,
  `meta11` varchar(200) COLLATE utf8mb4_unicode_ci DEFAULT NULL,
  `meta12` varchar(200) COLLATE utf8mb4_unicode_ci DEFAULT NULL,
  `meta13` varchar(200) COLLATE utf8mb4_unicode_ci DEFAULT NULL,
  `meta14` varchar(200) COLLATE utf8mb4_unicode_ci DEFAULT NULL,
  `meta15` varchar(200) COLLATE utf8mb4_unicode_ci DEFAULT NULL,
  `meta16` varchar(200) COLLATE utf8mb4_unicode_ci DEFAULT NULL,
  `meta17` varchar(200) COLLATE utf8mb4_unicode_ci DEFAULT NULL,
  `meta18` varchar(200) COLLATE utf8mb4_unicode_ci DEFAULT NULL,
  `meta19` varchar(200) COLLATE utf8mb4_unicode_ci DEFAULT NULL,
  `meta20` varchar(200) COLLATE utf8mb4_unicode_ci DEFAULT NULL,
  `meta21` varchar(200) COLLATE utf8mb4_unicode_ci DEFAULT NULL,
  `meta22` varchar(200) COLLATE utf8mb4_unicode_ci DEFAULT NULL,
  `meta23` varchar(200) COLLATE utf8mb4_unicode_ci DEFAULT NULL,
  `add_to_label` varchar(200) COLLATE utf8mb4_unicode_ci DEFAULT NULL,
  `alt_button_label` varchar(150) COLLATE utf8mb4_unicode_ci DEFAULT NULL,
  `alt_button_url` varchar(550) COLLATE utf8mb4_unicode_ci DEFAULT NULL,
  `ach_only` tinyint(1) NOT NULL DEFAULT '0',
  `hide_qty` tinyint(1) NOT NULL DEFAULT '0',
  `base_currency` char(3) COLLATE utf8mb4_unicode_ci DEFAULT NULL,
  `publish_start_date` date DEFAULT NULL,
  `publish_end_date` date DEFAULT NULL,
  `goal_use_dpo` tinyint(4) NOT NULL DEFAULT '1',
  `email_notify` varchar(500) COLLATE utf8mb4_unicode_ci DEFAULT NULL,
  `allow_check_in` tinyint(1) NOT NULL DEFAULT '0',
  `recurring_with_dpo` tinyint(1) NOT NULL DEFAULT '0',
  `designation_options` longtext COLLATE utf8mb4_unicode_ci,
  `is_deleted` tinyint(1) NOT NULL DEFAULT '0',
  `deleted_by` int(11) DEFAULT NULL,
  `deleted_at` datetime DEFAULT NULL,
  `dpo_nocalc` varchar(1) COLLATE utf8mb4_unicode_ci DEFAULT NULL,
  `is_onepage` tinyint(1) NOT NULL DEFAULT '0',
  `thank_you_url` varchar(550) COLLATE utf8mb4_unicode_ci DEFAULT NULL,
  `is_dcc_enabled` tinyint(1) NOT NULL DEFAULT '0',
  `is_tax_receiptable` tinyint(1) NOT NULL DEFAULT '0',
  `allow_tributes` tinyint(1) NOT NULL DEFAULT '0',
  `tribute_type_ids` text COLLATE utf8mb4_unicode_ci,
  `allow_tribute_notification` tinyint(1) NOT NULL DEFAULT '0',
  `hide_price` tinyint(1) NOT NULL DEFAULT '0',
  `taxcloud_tic_id` varchar(10) COLLATE utf8mb4_unicode_ci DEFAULT NULL,
  `notes` text COLLATE utf8mb4_unicode_ci,
  `allow_fundraising_pages` tinyint(1) NOT NULL DEFAULT '0',
  `fundraising_page_name` varchar(200) COLLATE utf8mb4_unicode_ci DEFAULT NULL,
  `fundraising_page_summary` text COLLATE utf8mb4_unicode_ci,
  `thank_you_email_template` text COLLATE utf8mb4_unicode_ci,
  `template_name` varchar(64) COLLATE utf8mb4_unicode_ci DEFAULT NULL,
  PRIMARY KEY (`id`),
  KEY `createdbyuserid` (`createdbyuserid`),
  KEY `modifiedbyuserid` (`modifiedbyuserid`),
  KEY `isenabled` (`isenabled`),
  KEY `isfeatured` (`isfeatured`),
  KEY `isnew` (`isnew`),
  KEY `media_id` (`media_id`),
  CONSTRAINT `product_ibfk_1` FOREIGN KEY (`createdbyuserid`) REFERENCES `user` (`id`),
  CONSTRAINT `product_ibfk_2` FOREIGN KEY (`modifiedbyuserid`) REFERENCES `user` (`id`),
  CONSTRAINT `product_ibfk_3` FOREIGN KEY (`media_id`) REFERENCES `media` (`id`) ON DELETE SET NULL
) ENGINE=InnoDB DEFAULT CHARSET=utf8mb4 COLLATE=utf8mb4_unicode_ci;

INSERT INTO `product` (`id`, `type`, `name`, `description`, `permalink`, `template_suffix`, `media_id`, `createddatetime`, `modifieddatetime`, `isenabled`, `show_in_pos`, `createdbyuserid`, `modifiedbyuserid`, `code`, `author`, `isfeatured`, `isnew`, `meta1`, `meta2`, `meta3`, `summary`, `isclearance`, `istribute`, `meta4`, `meta5`, `meta6`, `isfblike`, `isfbcomment`, `goalamount`, `goal_progress_offset`, `goal_deadline`, `seo_pagetitle`, `seo_pagekeywords`, `seo_pagedescription`, `outofstock_allow`, `outofstock_message`, `limit_sales`, `meta7`, `meta8`, `meta9`, `meta10`, `meta11`, `meta12`, `meta13`, `meta14`, `meta15`, `meta16`, `meta17`, `meta18`, `meta19`, `meta20`, `meta21`, `meta22`, `meta23`, `add_to_label`, `alt_button_label`, `alt_button_url`, `ach_only`, `hide_qty`, `base_currency`, `publish_start_date`, `publish_end_date`, `goal_use_dpo`, `email_notify`, `allow_check_in`, `recurring_with_dpo`, `designation_options`, `is_deleted`, `deleted_by`, `deleted_at`, `dpo_nocalc`, `is_onepage`, `thank_you_url`, `is_dcc_enabled`, `is_tax_receiptable`, `allow_tributes`, `tribute_type_ids`, `allow_tribute_notification`, `hide_price`, `taxcloud_tic_id`, `notes`, `allow_fundraising_pages`, `fundraising_page_name`, `fundraising_page_summary`, `thank_you_email_template`, `template_name`) VALUES
(1,	NULL,	'Make  a Difference',	NULL,	'give',	'page-with-payment',	NULL,	'2019-06-28 14:40:55',	'2019-06-28 14:47:24',	1,	1,	1,	1,	'GENERAL',	NULL,	0,	0,	'001-TITHES',	NULL,	NULL,	'Give Where It\'s Needed Most',	0,	0,	NULL,	NULL,	NULL,	0,	0,	NULL,	NULL,	NULL,	NULL,	NULL,	NULL,	1,	NULL,	0,	NULL,	NULL,	NULL,	NULL,	NULL,	NULL,	NULL,	NULL,	NULL,	NULL,	NULL,	NULL,	NULL,	NULL,	NULL,	NULL,	NULL,	NULL,	NULL,	NULL,	0,	0,	NULL,	NULL,	NULL,	0,	NULL,	0,	0,	NULL,	0,	NULL,	NULL,	'N',	0,	NULL,	1,	0,	0,	NULL,	0,	0,	NULL,	NULL,	0,	NULL,	NULL,	NULL,	NULL),
(3,	'template',	'(COPY) Make a Difference',	NULL,	NULL,	'page-with-payment',	NULL,	'2019-09-17 04:17:22',	'2022-02-15 15:31:23',	0,	0,	1,	1,	'DONATION-COPY',	NULL,	0,	0,	'001-TITHES',	NULL,	NULL,	'Give Where It\'s Needed Most',	0,	0,	NULL,	NULL,	NULL,	0,	0,	NULL,	NULL,	NULL,	NULL,	NULL,	NULL,	1,	NULL,	0,	NULL,	NULL,	NULL,	NULL,	NULL,	NULL,	NULL,	NULL,	NULL,	NULL,	NULL,	NULL,	NULL,	NULL,	NULL,	NULL,	NULL,	NULL,	NULL,	NULL,	0,	1,	NULL,	NULL,	NULL,	0,	NULL,	0,	0,	NULL,	0,	NULL,	NULL,	'N',	0,	NULL,	1,	0,	0,	NULL,	0,	1,	NULL,	NULL,	0,	NULL,	NULL,	NULL,	'Donation'),
(5,	'template',	'(COPY) Capital Campaign',	'<section class=\"mceNonEditable mceBackground bg-primary text-white py-3\">\r\n<div class=\"container\">\r\n<div class=\"row\">\r\n<div class=\"col mceEditable wow fadeIn\" data-wow-delay=\"0.0s\">\r\n<h2 class=\"text-white\">Headline<br /><small>With a short description.</small></h2>\r\n</div>\r\n<div class=\"col mceEditable wow fadeIn\" data-wow-delay=\"0.1s\">\r\n<h2 class=\"text-white\">Headline<br /><small>With a short description.</small></h2>\r\n</div>\r\n<div class=\"col mceEditable wow fadeIn\" data-wow-delay=\"0.2s\">\r\n<h2 class=\"text-white\">Headline<br /><small>With a short description.</small></h2>\r\n</div>\r\n</div>\r\n</div>\r\n</section>',	NULL,	'page-with-payment',	NULL,	'2019-09-17 04:33:16',	'2022-02-15 15:31:23',	0,	0,	1,	1,	'CAPITAL-CAMPAIGN-COPY',	NULL,	0,	0,	NULL,	NULL,	NULL,	'Help us reach our goal!',	0,	0,	NULL,	NULL,	NULL,	0,	0,	50000.0000,	NULL,	'2020-12-31',	NULL,	NULL,	NULL,	1,	NULL,	0,	NULL,	NULL,	NULL,	NULL,	NULL,	NULL,	NULL,	NULL,	NULL,	NULL,	NULL,	NULL,	NULL,	NULL,	NULL,	NULL,	NULL,	NULL,	NULL,	NULL,	0,	1,	NULL,	NULL,	NULL,	0,	NULL,	0,	0,	NULL,	0,	NULL,	NULL,	'N',	0,	NULL,	1,	0,	0,	NULL,	0,	1,	NULL,	NULL,	0,	NULL,	NULL,	NULL,	'Campaign'),
(7,	'template',	'(COPY) Shirt',	'<p>100% Cotton<br />Machine Washable<br />Available in other colors</p>',	NULL,	'product',	NULL,	'2019-09-17 04:39:51',	'2022-02-15 15:31:23',	0,	0,	1,	1,	'SHIRT-COPY',	NULL,	0,	0,	NULL,	NULL,	NULL,	'Look good and do good!',	0,	0,	NULL,	NULL,	NULL,	0,	0,	NULL,	NULL,	NULL,	NULL,	NULL,	NULL,	1,	NULL,	0,	NULL,	NULL,	NULL,	NULL,	NULL,	NULL,	NULL,	NULL,	NULL,	NULL,	NULL,	NULL,	NULL,	NULL,	NULL,	NULL,	NULL,	NULL,	NULL,	NULL,	0,	0,	NULL,	NULL,	NULL,	0,	NULL,	0,	0,	NULL,	0,	NULL,	NULL,	'N',	0,	NULL,	0,	0,	0,	NULL,	0,	0,	NULL,	NULL,	0,	NULL,	NULL,	NULL,	'T-Shirt (Cart)'),
(9,	'template',	'(COPY) Book',	'<p>Hardcover Format<br />145 Pages<br />Great for reading on the plane</p>',	NULL,	'product',	NULL,	'2019-09-17 04:46:41',	'2022-02-15 15:31:23',	0,	0,	1,	1,	'BOOK-COPY',	NULL,	0,	0,	NULL,	NULL,	NULL,	'Read more about our journey.',	0,	0,	NULL,	NULL,	NULL,	0,	0,	NULL,	NULL,	NULL,	NULL,	NULL,	NULL,	1,	NULL,	0,	NULL,	NULL,	NULL,	NULL,	NULL,	NULL,	NULL,	NULL,	NULL,	NULL,	NULL,	NULL,	NULL,	NULL,	NULL,	NULL,	NULL,	NULL,	NULL,	NULL,	0,	0,	NULL,	NULL,	NULL,	0,	NULL,	0,	0,	NULL,	0,	NULL,	NULL,	'N',	0,	NULL,	0,	0,	0,	NULL,	0,	0,	NULL,	NULL,	0,	NULL,	NULL,	NULL,	'Book (Cart)'),
(12,	'template',	'(COPY) General Annual Membership',	NULL,	NULL,	'product',	NULL,	'2019-09-17 04:54:40',	'2022-02-15 15:31:23',	0,	0,	1,	1,	'MEMBERSHIP-COPY',	NULL,	0,	0,	NULL,	NULL,	NULL,	NULL,	0,	0,	NULL,	NULL,	NULL,	0,	0,	NULL,	NULL,	NULL,	NULL,	NULL,	NULL,	1,	NULL,	0,	NULL,	NULL,	NULL,	NULL,	NULL,	NULL,	NULL,	NULL,	NULL,	NULL,	NULL,	NULL,	NULL,	NULL,	NULL,	NULL,	NULL,	NULL,	NULL,	NULL,	0,	1,	NULL,	NULL,	NULL,	0,	NULL,	0,	0,	NULL,	0,	NULL,	NULL,	'N',	0,	NULL,	0,	0,	0,	NULL,	0,	0,	NULL,	NULL,	0,	NULL,	NULL,	NULL,	'Membership (Cart)'),
(14,	'template',	'(COPY) Capital Campaign',	'<section class=\"mceBackground py-5 mceNonEditable wow fadeIn\">\r\n<div class=\"container\">\r\n<div class=\"mceEditable\">\r\n<h1>Main Heading Goes Here<br /><small>Lead Out Text Goes Here</small></h1>\r\n<p>Lorem ipsum dolor sit amet, consectetur adipiscing elit. Pellentesque lacinia varius posuere. Aenean et rhoncus turpis, sed porttitor risus. Aliquam blandit dictum leo, vel ultricies purus sodales sed. Nullam feugiat justo congue ultrices accumsan. Aliquam accumsan vehicula enim, eu facilisis felis efficitur vitae. Etiam sed sapien non neque volutpat porta. Sed hendrerit nec ante sed sollicitudin. Morbi eu ipsum vel leo cursus tincidunt. Sed nisl tellus, condimentum sed aliquet commodo, viverra a mauris.</p>\r\n<p>Nunc pharetra aliquam felis vel lobortis. Nulla facilisi. Nam euismod leo eros, sed interdum dolor tempor eget. Cras convallis massa tortor, at bibendum lectus sollicitudin a. Nunc vestibulum hendrerit ante, vel euismod arcu malesuada ac. Integer a porta ipsum. Integer mattis elementum mauris. Aenean sed lacus ipsum. Nullam at libero facilisis, mollis mi quis, bibendum metus. Aliquam arcu risus, feugiat pellentesque pretium auctor, tristique ut ex. Vestibulum tempus arcu vulputate dui viverra pulvinar. Vivamus non tincidunt urna, id volutpat nulla. Phasellus turpis tellus, sagittis non tincidunt sit amet, pharetra nec est.</p>\r\n<p>Cras ut tellus massa. Pellentesque ac elit ex. Nam id magna elit. Pellentesque arcu eros, luctus sit amet dictum quis, ornare vel dui. Maecenas placerat libero diam, eu venenatis sem ornare sit amet. Nam orci neque, rutrum sed pretium a, feugiat eu mauris. Aliquam sed ultricies felis, eu aliquet felis.</p>\r\n</div>\r\n</div>\r\n</section>',	NULL,	'page-with-banner-and-modal',	NULL,	'2019-09-17 05:01:42',	'2022-02-15 15:31:23',	0,	0,	1,	1,	'CAPITAL-CAMPAIGN-CART-COPY',	NULL,	0,	0,	NULL,	NULL,	NULL,	'Help us reach our goal!',	0,	0,	NULL,	NULL,	NULL,	0,	0,	50000.0000,	NULL,	'2020-12-31',	NULL,	NULL,	NULL,	1,	NULL,	0,	NULL,	NULL,	NULL,	NULL,	NULL,	NULL,	NULL,	NULL,	NULL,	NULL,	NULL,	NULL,	NULL,	NULL,	NULL,	NULL,	NULL,	'Add to Donation',	NULL,	NULL,	0,	1,	NULL,	NULL,	NULL,	0,	NULL,	0,	0,	NULL,	0,	NULL,	NULL,	'N',	0,	NULL,	0,	0,	0,	NULL,	0,	1,	NULL,	NULL,	0,	NULL,	NULL,	NULL,	'Campaign (Cart)'),
(16,	'template',	'(COPY) Event Ticket',	'<section class=\"mceBackground mceNonEditable\">\r\n<div class=\"container\">\r\n<div class=\"mceEditable\">\r\n<h1>A Night You Won\'t Forget<br /><small>Lead Out Text Goes Here</small></h1>\r\n<div class=\"row\">\r\n<div class=\"col-md-12 wow fadeIn\" data-wow-delay=\"0.0s\">\r\n<div class=\"row py-3\">\r\n<div class=\"col-12 col-sm-3 col-md-5 col-lg-3 text-center mb-4\">\r\n<div class=\"mceEditable\"><img class=\"rounded-circle\" src=\"https://images.unsplash.com/photo-1548794397-eeedae69ac71?ixlib=rb-1.2.1&amp;ixid=eyJhcHBfaWQiOjEyMDd9&amp;auto=format&amp;fit=crop&amp;w=400&amp;h=400&amp;q=60\" alt=\"\" width=\"104\" height=\"104\" /></div>\r\n</div>\r\n<div class=\"col-12 col-sm-9 col-md-7 col-lg-9\">\r\n<p class=\"text-secondary mb-0\">Host</p>\r\n<h5 class=\"mt-0\">George Lastname</h5>\r\n<p class=\"line-height-scale-3 font-scale-6 text-align-left\">This is where content goes. You can put as much content as you want here.</p>\r\n</div>\r\n</div>\r\n</div>\r\n<div class=\"col-md-12 wow fadeIn\" data-wow-delay=\"0.1s\">\r\n<div class=\"row py-3\">\r\n<div class=\"col-12 col-sm-3 col-md-5 col-lg-3 text-center mb-4\">\r\n<div class=\"mceEditable\"><img class=\"rounded-circle\" src=\"https://images.unsplash.com/photo-1548794397-eeedae69ac71?ixlib=rb-1.2.1&amp;ixid=eyJhcHBfaWQiOjEyMDd9&amp;auto=format&amp;fit=crop&amp;w=400&amp;h=400&amp;q=60\" alt=\"\" width=\"104\" height=\"104\" /></div>\r\n</div>\r\n<div class=\"col-12 col-sm-9 col-md-7 col-lg-9\">\r\n<p class=\"text-secondary mb-0\">Keynote</p>\r\n<h5 class=\"mt-0\">Firstname Simpson</h5>\r\n<p class=\"line-height-scale-3 font-scale-6 text-align-left\">This is where content goes. You can put as much content as you want here.</p>\r\n</div>\r\n</div>\r\n</div>\r\n</div>\r\n</div>\r\n</div>\r\n</section>',	NULL,	'event-registration',	NULL,	'2019-09-17 05:11:14',	'2022-02-15 15:31:23',	0,	0,	1,	1,	'EVENT-TICKET-COPY',	NULL,	0,	0,	NULL,	NULL,	NULL,	'This is a sample ticket.',	0,	0,	NULL,	NULL,	NULL,	0,	0,	NULL,	NULL,	NULL,	NULL,	NULL,	NULL,	1,	NULL,	0,	NULL,	NULL,	NULL,	NULL,	NULL,	NULL,	NULL,	NULL,	NULL,	NULL,	NULL,	NULL,	NULL,	NULL,	NULL,	NULL,	NULL,	'Add Ticket',	NULL,	NULL,	0,	1,	NULL,	NULL,	NULL,	0,	NULL,	1,	0,	NULL,	0,	NULL,	NULL,	'N',	0,	NULL,	0,	0,	0,	NULL,	0,	0,	NULL,	NULL,	0,	NULL,	NULL,	NULL,	'Event Ticket (Cart)'),
(26,	NULL,	'Capital Campaign',	'<section class=\"mceNonEditable mceBackground bg-primary text-white py-3\">\r\n<div class=\"container\">\r\n<div class=\"row\">\r\n<div class=\"col mceEditable wow fadeIn\" data-wow-delay=\"0.0s\">\r\n<h2 class=\"text-white\">Headline<br /><small>With a short description.</small></h2>\r\n</div>\r\n<div class=\"col mceEditable wow fadeIn\" data-wow-delay=\"0.1s\">\r\n<h2 class=\"text-white\">Headline<br /><small>With a short description.</small></h2>\r\n</div>\r\n<div class=\"col mceEditable wow fadeIn\" data-wow-delay=\"0.2s\">\r\n<h2 class=\"text-white\">Headline<br /><small>With a short description.</small></h2>\r\n</div>\r\n</div>\r\n</div>\r\n</section>',	NULL,	'page-with-payment',	NULL,	'2019-12-10 21:39:11',	'2019-12-10 21:39:11',	0,	0,	1,	1,	NULL,	NULL,	0,	0,	NULL,	NULL,	NULL,	'Help us reach our goal!',	0,	0,	NULL,	NULL,	NULL,	0,	0,	50000.0000,	NULL,	'2020-12-31',	NULL,	NULL,	NULL,	1,	NULL,	0,	NULL,	NULL,	NULL,	NULL,	NULL,	NULL,	NULL,	NULL,	NULL,	NULL,	NULL,	NULL,	NULL,	NULL,	NULL,	NULL,	NULL,	NULL,	NULL,	NULL,	0,	1,	NULL,	NULL,	NULL,	0,	NULL,	0,	0,	NULL,	0,	NULL,	NULL,	'N',	0,	NULL,	1,	0,	0,	NULL,	0,	1,	NULL,	NULL,	0,	NULL,	NULL,	NULL,	NULL),
(27,	NULL,	'Shirt',	'<p>100% Cotton<br />Machine Washable<br />Available in other colors</p>',	NULL,	'product',	NULL,	'2019-12-10 21:39:29',	'2019-12-10 21:39:35',	0,	0,	1,	1,	'asdf',	NULL,	0,	0,	NULL,	NULL,	NULL,	'Look good and do good!',	0,	0,	NULL,	NULL,	NULL,	0,	0,	NULL,	NULL,	NULL,	NULL,	NULL,	NULL,	1,	NULL,	0,	NULL,	NULL,	NULL,	NULL,	NULL,	NULL,	NULL,	NULL,	NULL,	NULL,	NULL,	NULL,	NULL,	NULL,	NULL,	NULL,	NULL,	NULL,	NULL,	NULL,	0,	0,	NULL,	NULL,	NULL,	0,	NULL,	0,	0,	NULL,	0,	NULL,	NULL,	'N',	0,	NULL,	0,	0,	0,	NULL,	0,	0,	NULL,	NULL,	0,	NULL,	NULL,	NULL,	NULL),
(28,	'donation_form',	'My First Campaign',	NULL,	NULL,	NULL,	NULL,	'2022-08-19 15:02:50',	'2022-08-19 15:02:50',	0,	0,	1,	1,	'8NDR96EK',	NULL,	0,	0,	NULL,	NULL,	NULL,	NULL,	0,	0,	NULL,	NULL,	NULL,	1,	1,	NULL,	NULL,	NULL,	'Donate',	NULL,	'Your generosity makes a difference!',	1,	NULL,	NULL,	NULL,	NULL,	NULL,	NULL,	NULL,	NULL,	NULL,	NULL,	NULL,	NULL,	NULL,	NULL,	NULL,	NULL,	NULL,	NULL,	NULL,	NULL,	NULL,	NULL,	0,	0,	NULL,	NULL,	NULL,	0,	NULL,	0,	0,	NULL,	0,	NULL,	NULL,	NULL,	0,	NULL,	1,	0,	0,	NULL,	0,	0,	NULL,	NULL,	0,	NULL,	NULL,	'We are grateful for your support',	NULL);

DROP TABLE IF EXISTS `productcategory`;
CREATE TABLE `productcategory` (
  `id` bigint(20) unsigned NOT NULL AUTO_INCREMENT,
  `name` varchar(250) COLLATE utf8mb4_unicode_ci DEFAULT NULL,
  `description` mediumtext COLLATE utf8mb4_unicode_ci,
  `ismale` tinyint(1) DEFAULT NULL,
  `isfemale` tinyint(1) DEFAULT NULL,
  `sequence` int(10) unsigned DEFAULT NULL,
  `imageserverfile` varchar(500) COLLATE utf8mb4_unicode_ci DEFAULT NULL,
  `media_id` bigint(20) unsigned DEFAULT NULL,
  `parent_id` bigint(20) unsigned DEFAULT NULL,
  `url_name` varchar(250) COLLATE utf8mb4_unicode_ci DEFAULT NULL,
  `template_suffix` varchar(64) COLLATE utf8mb4_unicode_ci DEFAULT NULL,
  `created_by` int(10) unsigned DEFAULT NULL,
  `created_at` datetime DEFAULT NULL,
  `updated_by` int(10) unsigned DEFAULT NULL,
  `updated_at` datetime DEFAULT NULL,
  PRIMARY KEY (`id`),
  KEY `parent_id` (`parent_id`),
  KEY `media_id` (`media_id`),
  CONSTRAINT `productcategory_ibfk_1` FOREIGN KEY (`parent_id`) REFERENCES `productcategory` (`id`),
  CONSTRAINT `productcategory_ibfk_2` FOREIGN KEY (`media_id`) REFERENCES `media` (`id`) ON DELETE SET NULL
) ENGINE=InnoDB DEFAULT CHARSET=utf8mb4 COLLATE=utf8mb4_unicode_ci;


DROP TABLE IF EXISTS `productcategorylink`;
CREATE TABLE `productcategorylink` (
  `id` bigint(20) unsigned NOT NULL AUTO_INCREMENT,
  `productid` bigint(20) unsigned NOT NULL,
  `categoryid` bigint(20) unsigned NOT NULL,
  PRIMARY KEY (`id`),
  KEY `productid` (`productid`),
  KEY `categoryid` (`categoryid`),
  CONSTRAINT `productcategorylink_ibfk_3` FOREIGN KEY (`productid`) REFERENCES `product` (`id`) ON DELETE CASCADE,
  CONSTRAINT `productcategorylink_ibfk_4` FOREIGN KEY (`categoryid`) REFERENCES `productcategory` (`id`) ON DELETE CASCADE
) ENGINE=InnoDB DEFAULT CHARSET=utf8mb4 COLLATE=utf8mb4_unicode_ci;


DROP TABLE IF EXISTS `productfields`;
CREATE TABLE `productfields` (
  `id` bigint(20) unsigned NOT NULL AUTO_INCREMENT,
  `productid` bigint(20) unsigned DEFAULT NULL,
  `type` varchar(50) COLLATE utf8mb4_unicode_ci DEFAULT NULL,
  `name` varchar(250) COLLATE utf8mb4_unicode_ci DEFAULT NULL,
  `isrequired` tinyint(4) NOT NULL DEFAULT '0',
  `sequence` int(11) DEFAULT NULL,
  `format` varchar(50) COLLATE utf8mb4_unicode_ci DEFAULT NULL,
  `options` text COLLATE utf8mb4_unicode_ci,
  `default_value` varchar(255) COLLATE utf8mb4_unicode_ci DEFAULT NULL,
  `map_to_product_meta` varchar(25) COLLATE utf8mb4_unicode_ci DEFAULT NULL,
  `body` text COLLATE utf8mb4_unicode_ci,
  `hint` text COLLATE utf8mb4_unicode_ci,
  `deleted_at` datetime DEFAULT NULL,
  `deleted_by` bigint(20) unsigned DEFAULT NULL,
  PRIMARY KEY (`id`),
  KEY `productid` (`productid`),
  KEY `deleted_by` (`deleted_by`),
  CONSTRAINT `productfields_ibfk_1` FOREIGN KEY (`productid`) REFERENCES `product` (`id`),
  CONSTRAINT `productfields_ibfk_2` FOREIGN KEY (`deleted_by`) REFERENCES `user` (`id`)
) ENGINE=InnoDB DEFAULT CHARSET=utf8mb4 COLLATE=utf8mb4_unicode_ci;

INSERT INTO `productfields` (`id`, `productid`, `type`, `name`, `isrequired`, `sequence`, `format`, `options`, `default_value`, `map_to_product_meta`, `body`, `hint`, `deleted_at`, `deleted_by`) VALUES
(5,	16,	'text',	'Name',	1,	1,	NULL,	'',	NULL,	'',	'',	'',	NULL,	NULL),
(6,	16,	'email',	'Email',	1,	2,	NULL,	'',	NULL,	'',	'',	'',	NULL,	NULL),
(7,	16,	'select',	'Meal Choice',	1,	3,	NULL,	'Chicken\r\nBeef\r\nVegetarian\r\nGluten Free',	'Chicken',	'',	'',	'',	NULL,	NULL),
(8,	16,	'text',	'Do you have any allergies?',	1,	4,	NULL,	'',	NULL,	'',	'',	'',	NULL,	NULL);

DROP TABLE IF EXISTS `productinventory`;
CREATE TABLE `productinventory` (
  `id` bigint(20) unsigned NOT NULL AUTO_INCREMENT,
  `productid` bigint(20) unsigned DEFAULT NULL,
  `variantname` varchar(250) COLLATE utf8mb4_unicode_ci DEFAULT NULL,
  `quantity` int(11) DEFAULT NULL,
  `price` decimal(19,4) DEFAULT NULL,
  `quantitymodifieddatetime` datetime DEFAULT NULL,
  `quantitymodifiedbyuserid` bigint(20) unsigned DEFAULT NULL,
  `last_physical_count_id` bigint(20) unsigned DEFAULT NULL,
  `saleprice` decimal(19,4) DEFAULT NULL,
  `sequence` int(11) DEFAULT NULL,
  `quantityrestock` float DEFAULT NULL,
  `shipping_expectation_threshold` int(11) DEFAULT NULL,
  `shipping_expectation_over` varchar(255) COLLATE utf8mb4_unicode_ci DEFAULT NULL,
  `shipping_expectation_under` varchar(255) COLLATE utf8mb4_unicode_ci DEFAULT NULL,
  `isdefault` tinyint(4) NOT NULL DEFAULT '0',
  `isshippable` tinyint(4) NOT NULL DEFAULT '1',
  `is_shipping_free` tinyint(1) NOT NULL DEFAULT '0',
  `is_deleted` tinyint(4) NOT NULL DEFAULT '0',
  `weight` float DEFAULT '0',
  `membership_id` bigint(20) unsigned DEFAULT NULL,
  `cost` decimal(19,4) DEFAULT NULL,
  `sku` varchar(25) COLLATE utf8mb4_unicode_ci DEFAULT NULL,
  `barcode` varchar(25) COLLATE utf8mb4_unicode_ci DEFAULT NULL,
  `fair_market_value` decimal(19,4) DEFAULT NULL,
  `billing_schedule_type` varchar(12) COLLATE utf8mb4_unicode_ci DEFAULT NULL,
  `billing_period` varchar(12) COLLATE utf8mb4_unicode_ci NOT NULL DEFAULT 'onetime',
  `billing_starts_on` date DEFAULT NULL,
  `billing_ends_on` date DEFAULT NULL,
  `total_billing_cycles` smallint(5) unsigned DEFAULT NULL,
  `price_presets` varchar(500) COLLATE utf8mb4_unicode_ci DEFAULT NULL COMMENT 'THIS SHOULD BE JSON',
  `price_minimum` float DEFAULT NULL,
  `is_donation` tinyint(1) NOT NULL DEFAULT '0',
  `created_at` datetime DEFAULT NULL,
  `updated_at` datetime DEFAULT NULL,
  PRIMARY KEY (`id`),
  KEY `quantitymodifiedbyuserid` (`quantitymodifiedbyuserid`),
  KEY `membership_id` (`membership_id`),
  KEY `is_deleted` (`is_deleted`),
  KEY `productid` (`productid`),
  KEY `last_physical_count_id` (`last_physical_count_id`),
  CONSTRAINT `productinventory_ibfk_2` FOREIGN KEY (`quantitymodifiedbyuserid`) REFERENCES `user` (`id`),
  CONSTRAINT `productinventory_ibfk_3` FOREIGN KEY (`membership_id`) REFERENCES `membership` (`id`),
  CONSTRAINT `productinventory_ibfk_4` FOREIGN KEY (`productid`) REFERENCES `product` (`id`) ON DELETE CASCADE,
  CONSTRAINT `productinventory_ibfk_5` FOREIGN KEY (`last_physical_count_id`) REFERENCES `stock_adjustments` (`id`)
) ENGINE=InnoDB DEFAULT CHARSET=utf8mb4 COLLATE=utf8mb4_unicode_ci;

INSERT INTO `productinventory` (`id`, `productid`, `variantname`, `quantity`, `price`, `quantitymodifieddatetime`, `quantitymodifiedbyuserid`, `last_physical_count_id`, `saleprice`, `sequence`, `quantityrestock`, `shipping_expectation_threshold`, `shipping_expectation_over`, `shipping_expectation_under`, `isdefault`, `isshippable`, `is_shipping_free`, `is_deleted`, `weight`, `membership_id`, `cost`, `sku`, `barcode`, `fair_market_value`, `billing_schedule_type`, `billing_period`, `billing_starts_on`, `billing_ends_on`, `total_billing_cycles`, `price_presets`, `price_minimum`, `is_donation`, `created_at`, `updated_at`) VALUES
(1,	1,	'Today Only',	0,	NULL,	'2019-06-28 14:40:56',	1,	NULL,	NULL,	1,	NULL,	NULL,	NULL,	NULL,	1,	0,	0,	0,	NULL,	NULL,	NULL,	NULL,	NULL,	NULL,	NULL,	'onetime',	NULL,	NULL,	NULL,	'15,25,50,100,250,other',	5,	1,	NULL,	NULL),
(2,	1,	'Monthly',	0,	NULL,	'2019-06-28 14:41:24',	1,	NULL,	NULL,	2,	NULL,	NULL,	NULL,	NULL,	0,	0,	0,	0,	NULL,	NULL,	NULL,	NULL,	NULL,	NULL,	NULL,	'monthly',	NULL,	NULL,	NULL,	'15,25,50,100,250,other',	5,	1,	NULL,	NULL),
(5,	3,	'Today Only',	0,	NULL,	'2019-06-28 14:40:56',	1,	NULL,	NULL,	1,	NULL,	NULL,	NULL,	NULL,	1,	0,	0,	0,	NULL,	NULL,	NULL,	NULL,	NULL,	NULL,	NULL,	'onetime',	NULL,	NULL,	NULL,	'15,25,50,100,250,other',	5,	1,	NULL,	NULL),
(6,	3,	'Monthly',	0,	NULL,	'2019-06-28 14:41:24',	1,	NULL,	NULL,	2,	NULL,	NULL,	NULL,	NULL,	0,	0,	0,	0,	NULL,	NULL,	NULL,	NULL,	NULL,	NULL,	NULL,	'monthly',	NULL,	NULL,	NULL,	'15,25,50,100,250,other',	5,	1,	NULL,	NULL),
(9,	5,	'Today Only',	0,	NULL,	'2019-09-17 04:19:10',	1,	NULL,	NULL,	1,	NULL,	NULL,	NULL,	NULL,	1,	0,	0,	0,	NULL,	NULL,	NULL,	NULL,	NULL,	NULL,	NULL,	'onetime',	NULL,	NULL,	NULL,	'15,25,50,100,other',	5,	1,	NULL,	NULL),
(10,	5,	'Monthly',	0,	NULL,	'2019-09-17 04:20:02',	1,	NULL,	NULL,	2,	NULL,	NULL,	NULL,	NULL,	0,	0,	0,	0,	NULL,	NULL,	NULL,	NULL,	NULL,	NULL,	NULL,	'monthly',	NULL,	NULL,	NULL,	'15,25,50,100,other',	5,	1,	NULL,	NULL),
(15,	7,	'S',	10,	30.0000,	'2019-09-17 04:35:26',	1,	NULL,	NULL,	1,	0,	NULL,	NULL,	NULL,	1,	1,	0,	0,	0.25,	NULL,	NULL,	NULL,	NULL,	NULL,	NULL,	'onetime',	NULL,	NULL,	NULL,	NULL,	NULL,	0,	NULL,	NULL),
(16,	7,	'M',	10,	30.0000,	'2019-09-17 04:36:24',	1,	NULL,	NULL,	2,	0,	NULL,	NULL,	NULL,	0,	1,	0,	0,	0.25,	NULL,	NULL,	NULL,	NULL,	NULL,	NULL,	'onetime',	NULL,	NULL,	NULL,	NULL,	NULL,	0,	NULL,	NULL),
(17,	7,	'L',	10,	30.0000,	'2019-09-17 04:36:24',	1,	NULL,	NULL,	3,	0,	NULL,	NULL,	NULL,	0,	1,	0,	0,	0.25,	NULL,	NULL,	NULL,	NULL,	NULL,	NULL,	'onetime',	NULL,	NULL,	NULL,	NULL,	NULL,	0,	NULL,	NULL),
(18,	7,	'XL',	10,	30.0000,	'2019-09-17 04:36:24',	1,	NULL,	NULL,	4,	0,	NULL,	NULL,	NULL,	0,	1,	0,	0,	0.25,	NULL,	NULL,	NULL,	NULL,	NULL,	NULL,	'onetime',	NULL,	NULL,	NULL,	NULL,	NULL,	0,	NULL,	NULL),
(20,	9,	'Hard Cover',	10,	40.0000,	'2019-09-17 04:41:26',	1,	NULL,	19.9900,	1,	0,	NULL,	NULL,	NULL,	1,	1,	0,	0,	0.5,	NULL,	NULL,	NULL,	NULL,	NULL,	NULL,	'onetime',	NULL,	NULL,	NULL,	NULL,	NULL,	0,	NULL,	NULL),
(23,	12,	'General',	0,	100.0000,	'2019-09-17 04:50:35',	1,	NULL,	NULL,	1,	NULL,	NULL,	NULL,	NULL,	1,	0,	0,	0,	NULL,	1,	NULL,	NULL,	NULL,	NULL,	NULL,	'annually',	NULL,	NULL,	NULL,	NULL,	NULL,	0,	NULL,	NULL),
(26,	14,	'Today Only',	0,	NULL,	'2019-09-17 04:19:10',	1,	NULL,	NULL,	1,	NULL,	NULL,	NULL,	NULL,	1,	0,	0,	0,	NULL,	NULL,	NULL,	NULL,	NULL,	NULL,	NULL,	'onetime',	NULL,	NULL,	NULL,	'15,25,50,100,other',	5,	1,	NULL,	NULL),
(27,	14,	'Monthly',	0,	NULL,	'2019-09-17 04:20:02',	1,	NULL,	NULL,	2,	NULL,	NULL,	NULL,	NULL,	0,	0,	0,	0,	NULL,	NULL,	NULL,	NULL,	NULL,	NULL,	NULL,	'monthly',	NULL,	NULL,	NULL,	'15,25,50,100,other',	5,	1,	NULL,	NULL),
(30,	16,	'Full Admission',	0,	100.0000,	'2019-09-17 05:03:05',	1,	NULL,	NULL,	1,	NULL,	NULL,	NULL,	NULL,	1,	0,	0,	0,	NULL,	NULL,	NULL,	NULL,	NULL,	NULL,	NULL,	'onetime',	NULL,	NULL,	NULL,	NULL,	NULL,	0,	NULL,	NULL),
(31,	16,	'Dinner Only Admission',	0,	100.0000,	'2019-09-17 05:05:01',	1,	NULL,	NULL,	2,	NULL,	NULL,	NULL,	NULL,	0,	0,	0,	0,	NULL,	NULL,	NULL,	NULL,	NULL,	NULL,	NULL,	'onetime',	NULL,	NULL,	NULL,	NULL,	NULL,	0,	NULL,	NULL),
(33,	26,	'Today Only',	0,	NULL,	'2019-09-17 04:19:10',	1,	NULL,	NULL,	1,	NULL,	NULL,	NULL,	NULL,	1,	0,	0,	0,	NULL,	NULL,	NULL,	NULL,	NULL,	NULL,	NULL,	'onetime',	NULL,	NULL,	NULL,	'15,25,50,100,other',	5,	1,	NULL,	NULL),
(34,	26,	'Monthly',	0,	NULL,	'2019-09-17 04:20:02',	1,	NULL,	NULL,	2,	NULL,	NULL,	NULL,	NULL,	0,	0,	0,	0,	NULL,	NULL,	NULL,	NULL,	NULL,	NULL,	NULL,	'monthly',	NULL,	NULL,	NULL,	'15,25,50,100,other',	5,	1,	NULL,	NULL),
(35,	27,	'S',	10,	30.0000,	'2019-09-17 04:35:26',	1,	NULL,	NULL,	1,	0,	NULL,	NULL,	NULL,	1,	1,	0,	0,	0.25,	NULL,	NULL,	NULL,	NULL,	NULL,	NULL,	'onetime',	NULL,	NULL,	NULL,	NULL,	NULL,	0,	NULL,	NULL),
(36,	27,	'M',	10,	30.0000,	'2019-09-17 04:36:24',	1,	NULL,	NULL,	2,	0,	NULL,	NULL,	NULL,	0,	1,	0,	0,	0.25,	NULL,	NULL,	NULL,	NULL,	NULL,	NULL,	'onetime',	NULL,	NULL,	NULL,	NULL,	NULL,	0,	NULL,	NULL),
(37,	27,	'L',	10,	30.0000,	'2019-09-17 04:36:24',	1,	NULL,	NULL,	3,	0,	NULL,	NULL,	NULL,	0,	1,	0,	0,	0.25,	NULL,	NULL,	NULL,	NULL,	NULL,	NULL,	'onetime',	NULL,	NULL,	NULL,	NULL,	NULL,	0,	NULL,	NULL),
(38,	27,	'XL',	10,	30.0000,	'2019-09-17 04:36:24',	1,	NULL,	NULL,	4,	0,	NULL,	NULL,	NULL,	0,	1,	0,	0,	0.25,	NULL,	NULL,	NULL,	NULL,	NULL,	NULL,	'onetime',	NULL,	NULL,	NULL,	NULL,	NULL,	0,	NULL,	NULL),
(39,	28,	'Today Only',	NULL,	NULL,	NULL,	NULL,	NULL,	NULL,	1,	NULL,	NULL,	NULL,	NULL,	0,	1,	0,	0,	0,	NULL,	NULL,	NULL,	NULL,	NULL,	NULL,	'onetime',	NULL,	NULL,	NULL,	NULL,	NULL,	1,	NULL,	NULL),
(40,	28,	'Monthly',	NULL,	NULL,	NULL,	NULL,	NULL,	NULL,	2,	NULL,	NULL,	NULL,	NULL,	1,	1,	0,	0,	0,	NULL,	NULL,	NULL,	NULL,	NULL,	NULL,	'monthly',	NULL,	NULL,	NULL,	NULL,	NULL,	1,	NULL,	NULL);

DROP TABLE IF EXISTS `productinventoryfiles`;
CREATE TABLE `productinventoryfiles` (
  `id` bigint(20) unsigned NOT NULL AUTO_INCREMENT,
  `fileid` bigint(20) unsigned DEFAULT NULL,
  `inventoryid` bigint(20) unsigned NOT NULL,
  `description` varchar(255) COLLATE utf8mb4_unicode_ci DEFAULT NULL,
  `download_limit` int(11) NOT NULL DEFAULT '-1',
  `address_limit` int(11) NOT NULL DEFAULT '-1' COMMENT 'number of different ip addresses file can be downloaded from',
  `expiry_time` int(11) NOT NULL DEFAULT '-1' COMMENT 'number of seconds that a users download should expire',
  `external_resource_uri` varchar(255) COLLATE utf8mb4_unicode_ci DEFAULT NULL,
  PRIMARY KEY (`id`),
  KEY `pfid` (`inventoryid`),
  KEY `fid` (`fileid`),
  CONSTRAINT `productinventoryfiles_ibfk_1` FOREIGN KEY (`fileid`) REFERENCES `files` (`id`),
  CONSTRAINT `productinventoryfiles_ibfk_3` FOREIGN KEY (`inventoryid`) REFERENCES `productinventory` (`id`) ON DELETE CASCADE
) ENGINE=InnoDB DEFAULT CHARSET=utf8mb4 COLLATE=utf8mb4_unicode_ci;


DROP TABLE IF EXISTS `productorder`;
CREATE TABLE `productorder` (
  `id` bigint(20) unsigned NOT NULL AUTO_INCREMENT,
  `client_uuid` varchar(48) COLLATE utf8mb4_unicode_ci DEFAULT NULL,
  `is_processed` tinyint(1) unsigned NOT NULL DEFAULT '0',
  `is_test` tinyint(1) unsigned NOT NULL DEFAULT '0',
  `invoicenumber` varchar(48) COLLATE utf8mb4_unicode_ci DEFAULT NULL,
  `createddatetime` datetime DEFAULT NULL,
  `confirmationdatetime` datetime DEFAULT NULL,
  `confirmationnumber` varchar(100) COLLATE utf8mb4_unicode_ci DEFAULT NULL,
  `iscomplete` tinyint(1) unsigned DEFAULT '0',
  `isrecurring` tinyint(1) unsigned NOT NULL DEFAULT '0',
  `istribute` tinyint(1) unsigned NOT NULL DEFAULT '0',
  `recurring_items` int(11) NOT NULL DEFAULT '0',
  `download_items` int(11) NOT NULL DEFAULT '0',
  `shippable_items` int(11) NOT NULL DEFAULT '0',
  `total_items` int(10) unsigned NOT NULL DEFAULT '0',
  `total_qty` int(11) unsigned DEFAULT '0',
  `total_weight` double unsigned DEFAULT '0',
  `promocode` varchar(50) COLLATE utf8mb4_unicode_ci DEFAULT NULL,
  `discount` decimal(19,4) NOT NULL DEFAULT '0.0000',
  `subtotal` decimal(19,4) NOT NULL DEFAULT '0.0000',
  `taxtotal` decimal(19,4) NOT NULL DEFAULT '0.0000',
  `shipping_amount` decimal(19,4) DEFAULT '0.0000',
  `admin_amount` decimal(10,4) DEFAULT '0.0000',
  `totalamount` decimal(19,4) DEFAULT '0.0000',
  `original_totalamount` decimal(19,4) DEFAULT NULL,
  `total_savings` decimal(19,4) NOT NULL DEFAULT '0.0000',
  `currency_code` char(3) COLLATE utf8mb4_unicode_ci DEFAULT NULL,
  `language` varchar(255) COLLATE utf8mb4_unicode_ci DEFAULT NULL,
  `timezone` varchar(255) COLLATE utf8mb4_unicode_ci DEFAULT NULL,
  `presentation_currency_code` char(3) COLLATE utf8mb4_unicode_ci DEFAULT NULL,
  `presentation_exchange_rate` decimal(23,10) DEFAULT NULL,
  `functional_currency_code` char(3) COLLATE utf8mb4_unicode_ci DEFAULT NULL,
  `functional_exchange_rate` decimal(23,10) NOT NULL DEFAULT '1.0000000000',
  `functional_total` decimal(19,4) NOT NULL DEFAULT '0.0000',
  `is_pos` tinyint(1) unsigned NOT NULL DEFAULT '0',
  `is_anonymous` tinyint(1) NOT NULL DEFAULT '1',
  `payment_type` varchar(50) COLLATE utf8mb4_unicode_ci DEFAULT NULL,
  `check_number` varchar(50) COLLATE utf8mb4_unicode_ci DEFAULT NULL,
  `check_date` datetime DEFAULT NULL,
  `check_amt` decimal(19,4) DEFAULT NULL,
  `cash_received` decimal(19,4) DEFAULT NULL,
  `cash_change` decimal(19,4) DEFAULT NULL,
  `payment_other_reference` varchar(25) COLLATE utf8mb4_unicode_ci DEFAULT NULL,
  `payment_other_note` text COLLATE utf8mb4_unicode_ci,
  `source` varchar(50) COLLATE utf8mb4_unicode_ci DEFAULT NULL,
  `source_id` int(11) unsigned DEFAULT NULL,
  `member_id` bigint(20) unsigned DEFAULT NULL,
  `payment_method_id` bigint(20) unsigned DEFAULT NULL,
  `account_type_id` bigint(20) unsigned DEFAULT NULL,
  `billing_title` varchar(20) COLLATE utf8mb4_unicode_ci DEFAULT NULL,
  `billing_first_name` varchar(64) COLLATE utf8mb4_unicode_ci DEFAULT NULL,
  `billing_last_name` varchar(64) COLLATE utf8mb4_unicode_ci DEFAULT NULL,
  `billing_organization_name` varchar(100) COLLATE utf8mb4_unicode_ci DEFAULT NULL,
  `billingname` varchar(80) COLLATE utf8mb4_unicode_ci DEFAULT NULL,
  `billingemail` varchar(60) COLLATE utf8mb4_unicode_ci DEFAULT NULL,
  `billingaddress1` varchar(100) COLLATE utf8mb4_unicode_ci DEFAULT NULL,
  `billingaddress2` varchar(100) COLLATE utf8mb4_unicode_ci DEFAULT NULL,
  `billingcity` varchar(40) COLLATE utf8mb4_unicode_ci DEFAULT NULL,
  `billingstate` varchar(40) COLLATE utf8mb4_unicode_ci DEFAULT NULL,
  `billingzip` varchar(20) COLLATE utf8mb4_unicode_ci DEFAULT NULL,
  `billingcountry` varchar(2) COLLATE utf8mb4_unicode_ci DEFAULT NULL,
  `billingphone` varchar(36) COLLATE utf8mb4_unicode_ci DEFAULT NULL,
  `billing_name_on_account` varchar(80) COLLATE utf8mb4_unicode_ci DEFAULT NULL,
  `billingcardtype` varchar(25) COLLATE utf8mb4_unicode_ci DEFAULT NULL,
  `billingcardlastfour` varchar(6) COLLATE utf8mb4_unicode_ci DEFAULT NULL,
  `billing_card_expiry_month` char(2) COLLATE utf8mb4_unicode_ci DEFAULT NULL,
  `billing_card_expiry_year` char(4) COLLATE utf8mb4_unicode_ci DEFAULT NULL,
  `payment_provider_id` bigint(20) unsigned DEFAULT NULL,
  `auth_attempts` tinyint(3) unsigned DEFAULT '0',
  `response_text` varchar(255) COLLATE utf8mb4_unicode_ci DEFAULT NULL,
  `vault_id` varchar(20) COLLATE utf8mb4_unicode_ci DEFAULT NULL,
  `ship_to_billing` tinyint(1) NOT NULL DEFAULT '0',
  `shipping_title` varchar(20) COLLATE utf8mb4_unicode_ci DEFAULT NULL,
  `shipping_first_name` varchar(64) COLLATE utf8mb4_unicode_ci DEFAULT NULL,
  `shipping_last_name` varchar(64) COLLATE utf8mb4_unicode_ci DEFAULT NULL,
  `shipping_organization_name` varchar(100) COLLATE utf8mb4_unicode_ci DEFAULT NULL,
  `shipname` varchar(80) COLLATE utf8mb4_unicode_ci DEFAULT NULL,
  `shipemail` varchar(60) COLLATE utf8mb4_unicode_ci DEFAULT NULL,
  `shipaddress1` varchar(100) COLLATE utf8mb4_unicode_ci DEFAULT NULL,
  `shipaddress2` varchar(100) COLLATE utf8mb4_unicode_ci DEFAULT NULL,
  `shipcity` varchar(40) COLLATE utf8mb4_unicode_ci DEFAULT NULL,
  `shipstate` varchar(40) COLLATE utf8mb4_unicode_ci DEFAULT NULL,
  `shipzip` varchar(20) COLLATE utf8mb4_unicode_ci DEFAULT NULL,
  `shipcountry` varchar(2) COLLATE utf8mb4_unicode_ci DEFAULT NULL,
  `shipphone` varchar(36) COLLATE utf8mb4_unicode_ci DEFAULT NULL,
  `is_free_shipping` tinyint(1) unsigned NOT NULL DEFAULT '0',
  `tax_address1` varchar(100) COLLATE utf8mb4_unicode_ci DEFAULT NULL,
  `tax_address2` varchar(100) COLLATE utf8mb4_unicode_ci DEFAULT NULL,
  `courier_method` varchar(120) COLLATE utf8mb4_unicode_ci DEFAULT NULL,
  `pledge_interval` varchar(50) COLLATE utf8mb4_unicode_ci DEFAULT NULL,
  `pledge_day` varchar(10) COLLATE utf8mb4_unicode_ci DEFAULT NULL,
  `tax_city` varchar(40) COLLATE utf8mb4_unicode_ci DEFAULT NULL,
  `tax_state` varchar(5) COLLATE utf8mb4_unicode_ci DEFAULT NULL,
  `tax_zip` varchar(12) COLLATE utf8mb4_unicode_ci DEFAULT NULL,
  `tax_country` varchar(5) COLLATE utf8mb4_unicode_ci DEFAULT NULL,
  `tax_receipt_type` enum('single','none','consolidated') COLLATE utf8mb4_unicode_ci NOT NULL DEFAULT 'single',
  `dcc_enabled_by_customer` tinyint(1) NOT NULL DEFAULT '0',
  `dcc_per_order_amount` decimal(19,4) NOT NULL DEFAULT '0.0000',
  `dcc_rate` decimal(19,4) NOT NULL DEFAULT '0.0000',
  `dcc_type` varchar(32) COLLATE utf8mb4_unicode_ci DEFAULT NULL,
  `dcc_total_amount` decimal(19,4) NOT NULL DEFAULT '0.0000',
  `customer_notes` text COLLATE utf8mb4_unicode_ci,
  `email_opt_in` tinyint(1) NOT NULL DEFAULT '0',
  `send_confirmation_emails` tinyint(1) NOT NULL DEFAULT '1',
  `single_use_token` varchar(64) CHARACTER SET utf8 COLLATE utf8_bin DEFAULT NULL,
  `stripe_payment_intent` varchar(64) CHARACTER SET utf8 COLLATE utf8_bin DEFAULT NULL,
  `alt_contact_id` varchar(10) COLLATE utf8mb4_unicode_ci DEFAULT NULL,
  `alt_transaction_id` varchar(200) COLLATE utf8mb4_unicode_ci DEFAULT NULL,
  `dp_sync_order` tinyint(1) unsigned NOT NULL DEFAULT '0',
  `client_ip` varchar(40) COLLATE utf8mb4_unicode_ci DEFAULT NULL,
  `ip_country` char(2) COLLATE utf8mb4_unicode_ci DEFAULT NULL,
  `client_browser` mediumtext COLLATE utf8mb4_unicode_ci,
  `ua_browser` varchar(32) COLLATE utf8mb4_unicode_ci DEFAULT NULL,
  `ua_browser_version` varchar(12) COLLATE utf8mb4_unicode_ci DEFAULT NULL,
  `ua_device_brand` varchar(32) COLLATE utf8mb4_unicode_ci DEFAULT NULL,
  `ua_device_model` varchar(32) COLLATE utf8mb4_unicode_ci DEFAULT NULL,
  `ua_os` varchar(32) COLLATE utf8mb4_unicode_ci DEFAULT NULL,
  `ua_os_version` varchar(12) COLLATE utf8mb4_unicode_ci DEFAULT NULL,
  `ga_client_id` varchar(40) COLLATE utf8mb4_unicode_ci DEFAULT 'NULL',
  `started_at` datetime DEFAULT NULL,
  `shipping_method_id` bigint(20) unsigned DEFAULT NULL,
  `created_by` int(10) unsigned DEFAULT NULL,
  `created_at` datetime DEFAULT NULL,
  `updated_by` int(10) unsigned DEFAULT NULL,
  `updated_at` datetime DEFAULT NULL,
  `voided_at` datetime DEFAULT NULL,
  `voided_by` int(11) DEFAULT NULL,
  `voided_reason` varchar(255) COLLATE utf8mb4_unicode_ci DEFAULT NULL,
  `refunded_amt` decimal(19,4) DEFAULT NULL,
  `refunded_auth` varchar(50) COLLATE utf8mb4_unicode_ci DEFAULT NULL,
  `refunded_at` datetime DEFAULT NULL,
  `refunded_by` int(10) unsigned DEFAULT NULL,
  `payment_lock_at` datetime DEFAULT NULL,
  `ordered_at` datetime DEFAULT NULL,
  `alt_data_updated_at` datetime DEFAULT NULL,
  `alt_data_updated_by` int(10) unsigned DEFAULT NULL,
  `referral_source` varchar(45) COLLATE utf8mb4_unicode_ci DEFAULT NULL,
  `http_referer` varchar(512) COLLATE utf8mb4_unicode_ci DEFAULT NULL,
  `tracking_source` varchar(50) COLLATE utf8mb4_unicode_ci DEFAULT NULL,
  `tracking_medium` varchar(50) COLLATE utf8mb4_unicode_ci DEFAULT NULL,
  `tracking_campaign` varchar(50) COLLATE utf8mb4_unicode_ci DEFAULT NULL,
  `tracking_term` varchar(50) COLLATE utf8mb4_unicode_ci DEFAULT NULL,
  `tracking_content` varchar(50) COLLATE utf8mb4_unicode_ci DEFAULT NULL,
  `comments` text COLLATE utf8mb4_unicode_ci,
  `deleted_at` datetime DEFAULT NULL,
  `deleted_by` int(11) DEFAULT NULL,
  `captcha` enum('pass','fail') COLLATE utf8mb4_unicode_ci DEFAULT NULL,
  `referred_by` bigint(20) unsigned DEFAULT NULL,
  PRIMARY KEY (`id`),
  KEY `shipping_method_id` (`shipping_method_id`),
  KEY `member_id` (`member_id`),
  KEY `client_uuid` (`client_uuid`),
  KEY `account_type_id` (`account_type_id`),
  KEY `payment_method_id` (`payment_method_id`),
  KEY `payment_provider_id` (`payment_provider_id`),
  KEY `ordered_at` (`ordered_at`),
  KEY `productorder_confirmationdatetime_index` (`confirmationdatetime`),
  KEY `productorder_ordered_at_index` (`ordered_at`),
  KEY `productorder_started_at_index` (`started_at`),
  KEY `ix_productorder_referred_by` (`referred_by`),
  CONSTRAINT `productorder_ibfk_1` FOREIGN KEY (`shipping_method_id`) REFERENCES `shipping_method` (`id`),
  CONSTRAINT `productorder_ibfk_2` FOREIGN KEY (`member_id`) REFERENCES `member` (`id`),
  CONSTRAINT `productorder_ibfk_3` FOREIGN KEY (`account_type_id`) REFERENCES `account_types` (`id`),
  CONSTRAINT `productorder_ibfk_4` FOREIGN KEY (`payment_method_id`) REFERENCES `payment_methods` (`id`),
  CONSTRAINT `productorder_ibfk_5` FOREIGN KEY (`payment_provider_id`) REFERENCES `payment_providers` (`id`),
  CONSTRAINT `productorder_referred_by_ibfk_1` FOREIGN KEY (`referred_by`) REFERENCES `member` (`id`)
) ENGINE=InnoDB DEFAULT CHARSET=utf8mb4 COLLATE=utf8mb4_unicode_ci ROW_FORMAT=DYNAMIC;


DROP TABLE IF EXISTS `productorderitem`;
CREATE TABLE `productorderitem` (
  `id` bigint(20) unsigned NOT NULL AUTO_INCREMENT,
  `productorderid` bigint(20) unsigned NOT NULL,
  `DELETE_productid` bigint(20) unsigned DEFAULT NULL,
  `qty` int(10) unsigned DEFAULT NULL,
  `price` decimal(19,4) DEFAULT NULL,
  `discount` decimal(19,4) NOT NULL DEFAULT '0.0000',
  `original_price` decimal(19,4) DEFAULT NULL,
  `locked_to_item_id` bigint(20) unsigned DEFAULT NULL,
  `promocode` varchar(50) COLLATE utf8mb4_unicode_ci DEFAULT NULL,
  `productinventoryid` bigint(20) unsigned DEFAULT NULL,
  `recurring_day` int(11) DEFAULT NULL,
  `recurring_day_of_week` int(11) DEFAULT NULL,
  `recurring_amount` decimal(19,4) NOT NULL DEFAULT '0.0000',
  `recurring_frequency` varchar(50) COLLATE utf8mb4_unicode_ci DEFAULT NULL,
  `recurring_with_dpo` tinyint(1) NOT NULL DEFAULT '0',
  `recurring_with_initial_charge` tinyint(1) DEFAULT NULL,
  `recurring_cycles` smallint(5) unsigned DEFAULT NULL,
  `recurring_starts_on` date DEFAULT NULL,
  `recurring_ends_on` date DEFAULT NULL,
  `upgraded_to_recurring` tinyint(1) NOT NULL DEFAULT '0',
  `tribute_name` varchar(500) COLLATE utf8mb4_unicode_ci DEFAULT NULL,
  `dpo_tribute_id` int(11) DEFAULT NULL,
  `sponsorship_id` int(11) DEFAULT NULL,
  `sponsorship_is_expired` tinyint(1) unsigned NOT NULL DEFAULT '0',
  `sponsorship_expired_at` datetime DEFAULT NULL,
  `sponsorship_expired_reason` text COLLATE utf8mb4_unicode_ci,
  `dcc_eligible` tinyint(1) NOT NULL DEFAULT '0',
  `dcc_amount` decimal(19,4) NOT NULL DEFAULT '0.0000',
  `dcc_recurring_amount` decimal(19,4) NOT NULL DEFAULT '0.0000',
  `general_ledger_code` varchar(200) COLLATE utf8mb4_unicode_ci DEFAULT NULL,
  `is_tribute` tinyint(1) NOT NULL DEFAULT '0',
  `tribute_type_id` bigint(20) unsigned DEFAULT NULL,
  `tribute_notify` varchar(25) COLLATE utf8mb4_unicode_ci DEFAULT NULL,
  `tribute_notify_at` date DEFAULT NULL,
  `tribute_message` text COLLATE utf8mb4_unicode_ci,
  `tribute_notify_name` varchar(150) COLLATE utf8mb4_unicode_ci DEFAULT NULL,
  `tribute_notify_email` varchar(150) COLLATE utf8mb4_unicode_ci DEFAULT NULL,
  `tribute_notify_address` varchar(250) COLLATE utf8mb4_unicode_ci DEFAULT NULL,
  `tribute_notify_city` varchar(100) COLLATE utf8mb4_unicode_ci DEFAULT NULL,
  `tribute_notify_state` varchar(4) COLLATE utf8mb4_unicode_ci DEFAULT NULL,
  `tribute_notify_zip` varchar(15) COLLATE utf8mb4_unicode_ci DEFAULT NULL,
  `tribute_notify_country` varchar(2) COLLATE utf8mb4_unicode_ci DEFAULT NULL,
  `alt_transaction_id` varchar(10) COLLATE utf8mb4_unicode_ci DEFAULT NULL,
  `original_variant_id` bigint(20) unsigned DEFAULT NULL,
  `public_message` text COLLATE utf8mb4_unicode_ci,
  `fundraising_page_id` bigint(20) unsigned DEFAULT NULL,
  `fundraising_member_id` bigint(20) unsigned DEFAULT NULL,
  `gift_aid` tinyint(1) NOT NULL DEFAULT '0',
  PRIMARY KEY (`id`),
  KEY `DELETE_productid` (`DELETE_productid`),
  KEY `productinventoryid` (`productinventoryid`),
  KEY `productorderid` (`productorderid`),
  KEY `sponsorship_id` (`sponsorship_id`),
  KEY `locked_to_item_id` (`locked_to_item_id`),
  KEY `tribute_type_id` (`tribute_type_id`),
  KEY `original_variant_id` (`original_variant_id`),
  KEY `fundraising_page_id` (`fundraising_page_id`),
  KEY `fundraising_member_id` (`fundraising_member_id`),
  CONSTRAINT `productorderitem_ibfk_10` FOREIGN KEY (`fundraising_member_id`) REFERENCES `member` (`id`),
  CONSTRAINT `productorderitem_ibfk_2` FOREIGN KEY (`DELETE_productid`) REFERENCES `product` (`id`),
  CONSTRAINT `productorderitem_ibfk_3` FOREIGN KEY (`productinventoryid`) REFERENCES `productinventory` (`id`),
  CONSTRAINT `productorderitem_ibfk_5` FOREIGN KEY (`productorderid`) REFERENCES `productorder` (`id`) ON DELETE CASCADE,
  CONSTRAINT `productorderitem_ibfk_6` FOREIGN KEY (`locked_to_item_id`) REFERENCES `productorderitem` (`id`) ON DELETE CASCADE,
  CONSTRAINT `productorderitem_ibfk_7` FOREIGN KEY (`tribute_type_id`) REFERENCES `tribute_types` (`id`),
  CONSTRAINT `productorderitem_ibfk_8` FOREIGN KEY (`original_variant_id`) REFERENCES `productinventory` (`id`) ON DELETE NO ACTION,
  CONSTRAINT `productorderitem_ibfk_9` FOREIGN KEY (`fundraising_page_id`) REFERENCES `fundraising_pages` (`id`)
) ENGINE=InnoDB DEFAULT CHARSET=utf8mb4 COLLATE=utf8mb4_unicode_ci;


DROP TABLE IF EXISTS `productorderitemfield`;
CREATE TABLE `productorderitemfield` (
  `id` bigint(20) unsigned NOT NULL AUTO_INCREMENT,
  `orderitemid` bigint(20) unsigned DEFAULT NULL,
  `fieldid` bigint(20) unsigned DEFAULT NULL,
  `value` text COLLATE utf8mb4_unicode_ci,
  `original_value` text COLLATE utf8mb4_unicode_ci,
  PRIMARY KEY (`id`),
  KEY `orderitemid` (`orderitemid`),
  KEY `fieldid` (`fieldid`),
  CONSTRAINT `productorderitemfield_ibfk_2` FOREIGN KEY (`orderitemid`) REFERENCES `productorderitem` (`id`) ON DELETE CASCADE,
  CONSTRAINT `productorderitemfield_ibfk_3` FOREIGN KEY (`fieldid`) REFERENCES `productfields` (`id`)
) ENGINE=InnoDB DEFAULT CHARSET=utf8mb4 COLLATE=utf8mb4_unicode_ci;


DROP TABLE IF EXISTS `productorderitemfiles`;
CREATE TABLE `productorderitemfiles` (
  `id` bigint(20) unsigned NOT NULL AUTO_INCREMENT,
  `fileid` bigint(20) unsigned DEFAULT NULL,
  `orderitemid` bigint(20) unsigned NOT NULL,
  `granted` timestamp NOT NULL DEFAULT CURRENT_TIMESTAMP ON UPDATE CURRENT_TIMESTAMP,
  `expiration` int(11) NOT NULL DEFAULT '-1',
  `accessed` smallint(5) unsigned NOT NULL DEFAULT '0',
  `addresses` mediumtext COLLATE utf8mb4_unicode_ci,
  `download_limit` int(11) NOT NULL DEFAULT '-1',
  `address_limit` int(11) NOT NULL DEFAULT '-1',
  `external_resource_uri` varchar(255) COLLATE utf8mb4_unicode_ci DEFAULT NULL,
  `description` varchar(255) COLLATE utf8mb4_unicode_ci DEFAULT NULL,
  PRIMARY KEY (`id`),
  KEY `fid` (`fileid`),
  KEY `uid` (`orderitemid`),
  CONSTRAINT `productorderitemfiles_ibfk_1` FOREIGN KEY (`fileid`) REFERENCES `files` (`id`),
  CONSTRAINT `productorderitemfiles_ibfk_4` FOREIGN KEY (`orderitemid`) REFERENCES `productorderitem` (`id`) ON DELETE CASCADE
) ENGINE=InnoDB DEFAULT CHARSET=utf8mb4 COLLATE=utf8mb4_unicode_ci;


DROP TABLE IF EXISTS `productorderitemtax`;
CREATE TABLE `productorderitemtax` (
  `id` bigint(20) unsigned NOT NULL AUTO_INCREMENT,
  `orderitemid` bigint(20) unsigned NOT NULL,
  `taxid` bigint(20) unsigned NOT NULL,
  `amount` decimal(19,4) DEFAULT NULL,
  PRIMARY KEY (`id`),
  KEY `taxid` (`taxid`),
  KEY `orderitemid` (`orderitemid`),
  CONSTRAINT `productorderitemtax_ibfk_2` FOREIGN KEY (`taxid`) REFERENCES `producttax` (`id`),
  CONSTRAINT `productorderitemtax_ibfk_3` FOREIGN KEY (`orderitemid`) REFERENCES `productorderitem` (`id`) ON DELETE CASCADE
) ENGINE=InnoDB DEFAULT CHARSET=utf8mb4 COLLATE=utf8mb4_unicode_ci;


DROP TABLE IF EXISTS `productpromocode`;
CREATE TABLE `productpromocode` (
  `id` bigint(20) unsigned NOT NULL AUTO_INCREMENT,
  `code` varchar(15) COLLATE utf8mb4_unicode_ci DEFAULT NULL,
  `description` text COLLATE utf8mb4_unicode_ci,
  `discount` decimal(19,4) unsigned DEFAULT NULL,
  `startdate` datetime DEFAULT NULL,
  `enddate` datetime DEFAULT NULL,
  `allocation_limit` int(10) unsigned DEFAULT NULL,
  `buy_quantity` int(10) unsigned DEFAULT NULL,
  `usage_limit` int(10) unsigned DEFAULT NULL,
  `usage_limit_per_account` int(10) unsigned DEFAULT NULL,
  `usage_count` int(10) unsigned NOT NULL DEFAULT '0',
  `createdbyuserid` bigint(20) unsigned NOT NULL,
  `createddatetime` datetime DEFAULT NULL,
  `modifiedbyuserid` bigint(20) unsigned NOT NULL,
  `modifieddatetime` datetime DEFAULT NULL,
  `is_free_shipping` tinyint(1) NOT NULL DEFAULT '0',
  `free_shipping_label` varchar(25) COLLATE utf8mb4_unicode_ci DEFAULT NULL,
  `discount_type` varchar(15) COLLATE utf8mb4_unicode_ci NOT NULL DEFAULT 'percent',
  PRIMARY KEY (`id`),
  KEY `createdbyuserid` (`createdbyuserid`),
  KEY `modifiedbyuserid` (`modifiedbyuserid`),
  CONSTRAINT `productpromocode_ibfk_1` FOREIGN KEY (`createdbyuserid`) REFERENCES `user` (`id`),
  CONSTRAINT `productpromocode_ibfk_2` FOREIGN KEY (`modifiedbyuserid`) REFERENCES `user` (`id`)
) ENGINE=InnoDB DEFAULT CHARSET=utf8mb4 COLLATE=utf8mb4_unicode_ci;


DROP TABLE IF EXISTS `productpromocodecategory`;
CREATE TABLE `productpromocodecategory` (
  `id` bigint(20) unsigned NOT NULL AUTO_INCREMENT,
  `promocodeid` bigint(20) unsigned NOT NULL,
  `categoryid` bigint(20) unsigned NOT NULL,
  PRIMARY KEY (`id`),
  KEY `categoryid` (`categoryid`),
  KEY `promocodeid` (`promocodeid`),
  CONSTRAINT `productpromocodecategory_ibfk_3` FOREIGN KEY (`categoryid`) REFERENCES `productcategory` (`id`) ON DELETE CASCADE,
  CONSTRAINT `productpromocodecategory_ibfk_4` FOREIGN KEY (`promocodeid`) REFERENCES `productpromocode` (`id`) ON DELETE CASCADE
) ENGINE=InnoDB DEFAULT CHARSET=utf8mb4 COLLATE=utf8mb4_unicode_ci;


DROP TABLE IF EXISTS `productpromocodeproduct`;
CREATE TABLE `productpromocodeproduct` (
  `id` bigint(20) unsigned NOT NULL AUTO_INCREMENT,
  `promocodeid` bigint(20) unsigned NOT NULL,
  `productid` bigint(20) unsigned NOT NULL,
  PRIMARY KEY (`id`),
  KEY `productid` (`productid`),
  KEY `promocodeid` (`promocodeid`),
  CONSTRAINT `productpromocodeproduct_ibfk_2` FOREIGN KEY (`productid`) REFERENCES `product` (`id`),
  CONSTRAINT `productpromocodeproduct_ibfk_3` FOREIGN KEY (`promocodeid`) REFERENCES `productpromocode` (`id`) ON DELETE CASCADE
) ENGINE=InnoDB DEFAULT CHARSET=utf8mb4 COLLATE=utf8mb4_unicode_ci;


DROP TABLE IF EXISTS `producttax`;
CREATE TABLE `producttax` (
  `id` bigint(20) unsigned NOT NULL AUTO_INCREMENT,
  `code` varchar(255) COLLATE utf8mb4_unicode_ci DEFAULT NULL,
  `description` text COLLATE utf8mb4_unicode_ci,
  `rate` float DEFAULT NULL,
  `city` text COLLATE utf8mb4_unicode_ci COMMENT 'carriage return delimited list of city names to compare against during checkout to apply this tax',
  `createdbyuserid` bigint(20) unsigned NOT NULL,
  `createddatetime` datetime DEFAULT NULL,
  `modifiedbyuserid` bigint(20) unsigned NOT NULL,
  `modifieddatetime` datetime DEFAULT NULL,
  `deleted_at` datetime DEFAULT NULL,
  `deleted_by` bigint(20) unsigned DEFAULT NULL,
  PRIMARY KEY (`id`),
  KEY `createdbyuserid` (`createdbyuserid`),
  KEY `modifiedbyuserid` (`modifiedbyuserid`),
  KEY `deleted_by` (`deleted_by`),
  CONSTRAINT `producttax_ibfk_1` FOREIGN KEY (`createdbyuserid`) REFERENCES `user` (`id`),
  CONSTRAINT `producttax_ibfk_2` FOREIGN KEY (`modifiedbyuserid`) REFERENCES `user` (`id`),
  CONSTRAINT `producttax_ibfk_3` FOREIGN KEY (`deleted_by`) REFERENCES `user` (`id`)
) ENGINE=InnoDB DEFAULT CHARSET=utf8mb4 COLLATE=utf8mb4_unicode_ci ROW_FORMAT=DYNAMIC;

INSERT INTO `producttax` (`id`, `code`, `description`, `rate`, `city`, `createdbyuserid`, `createddatetime`, `modifiedbyuserid`, `modifieddatetime`, `deleted_at`, `deleted_by`) VALUES
(1,	'HST Tax',	'HST (Ontario, Canada)',	13,	NULL,	1,	'2011-06-09 15:13:04',	1,	'2011-06-10 13:08:38',	NULL,	NULL),
(10,	'AL Tax',	'4% Alabama Sales Tax',	4,	NULL,	1,	'2011-04-04 21:17:30',	1,	'2011-04-04 21:17:30',	NULL,	NULL),
(11,	'AZ Tax',	'5.6% Arizona Sales Tax',	5.6,	NULL,	1,	'2011-04-04 21:17:30',	1,	'2011-04-04 21:17:30',	NULL,	NULL),
(12,	'AR Tax',	'6% Arkansas Sales Tax',	6,	NULL,	1,	'2011-04-04 21:17:30',	1,	'2011-04-04 21:17:30',	NULL,	NULL),
(13,	'CA Tax',	'8.25% California Sales Tax',	8.25,	NULL,	1,	'2011-04-04 21:17:30',	1,	'2011-04-04 21:17:30',	NULL,	NULL),
(14,	'CO Tax',	'2.9% Colorado Sales Tax',	2.9,	NULL,	1,	'2011-04-04 21:17:30',	1,	'2011-04-04 21:17:30',	NULL,	NULL),
(15,	'CT Tax',	'6% Connecticut Sales Tax',	6,	NULL,	1,	'2011-04-04 21:17:30',	1,	'2011-04-04 21:17:30',	NULL,	NULL),
(16,	'FL Tax',	'6% Florida Sales Tax',	6,	NULL,	1,	'2011-04-04 21:17:30',	1,	'2011-04-04 21:17:30',	NULL,	NULL),
(17,	'GA Tax',	'4% Georgia Sales Tax',	4,	NULL,	1,	'2011-04-04 21:17:30',	1,	'2011-04-04 21:17:30',	NULL,	NULL),
(18,	'HI Tax',	'4% Hawaii Sales Tax',	4,	NULL,	1,	'2011-04-04 21:17:30',	1,	'2011-04-04 21:17:30',	NULL,	NULL),
(19,	'ID Tax',	'6% Idaho Sales Tax',	6,	NULL,	1,	'2011-04-04 21:17:30',	1,	'2011-04-04 21:17:30',	NULL,	NULL),
(20,	'IL Tax',	'6.25% Illinois Sales Tax',	6.25,	NULL,	1,	'2011-04-04 21:17:30',	1,	'2011-04-04 21:17:30',	NULL,	NULL),
(21,	'IN Tax',	'7% Indiana Sales Tax',	7,	NULL,	1,	'2011-04-04 21:17:30',	1,	'2011-04-04 21:17:30',	NULL,	NULL),
(22,	'IA Tax',	'6% Iowa Sales Tax',	6,	NULL,	1,	'2011-04-04 21:17:30',	1,	'2011-04-04 21:17:30',	NULL,	NULL),
(23,	'KS Tax',	'5.3% Kansas Sales Tax',	5.3,	NULL,	1,	'2011-04-04 21:17:30',	1,	'2011-04-04 21:17:30',	NULL,	NULL),
(24,	'KY Tax',	'6% Kentucky Sales Tax',	6,	NULL,	1,	'2011-04-04 21:17:30',	1,	'2011-04-04 21:17:30',	NULL,	NULL),
(25,	'LA Tax',	'4% Louisiana Sales Tax',	4,	NULL,	1,	'2011-04-04 21:17:30',	1,	'2011-04-04 21:17:30',	NULL,	NULL),
(26,	'ME Tax',	'5% Maine Sales Tax',	5,	NULL,	1,	'2011-04-04 21:17:30',	1,	'2011-04-04 21:17:30',	NULL,	NULL),
(27,	'MD Tax',	'6% Maryland Sales Tax',	6,	NULL,	1,	'2011-04-04 21:17:30',	1,	'2011-04-04 21:17:30',	NULL,	NULL),
(28,	'MA Tax',	'6.25% Massachusetts Sales Tax',	6.25,	NULL,	1,	'2011-04-04 21:17:30',	1,	'2011-04-04 21:17:30',	NULL,	NULL),
(29,	'MI Tax',	'6% Michigan Sales Tax',	6,	NULL,	1,	'2011-04-04 21:17:30',	1,	'2011-04-04 21:17:30',	NULL,	NULL),
(30,	'MN Tax',	'6.875% Minnesota Sales Tax',	6.875,	NULL,	1,	'2011-04-04 21:17:30',	1,	'2011-04-04 21:17:30',	NULL,	NULL),
(31,	'MS Tax',	'7% Mississippi Sales Tax',	7,	NULL,	1,	'2011-04-04 21:17:30',	1,	'2011-04-04 21:17:30',	NULL,	NULL),
(32,	'MO Tax',	'4.225% Missouri Sales Tax',	4.225,	NULL,	1,	'2011-04-04 21:17:30',	1,	'2011-04-04 21:17:30',	NULL,	NULL),
(33,	'NE Tax',	'5.5% Nebraska Sales Tax',	5.5,	NULL,	1,	'2011-04-04 21:17:30',	1,	'2011-04-04 21:17:30',	NULL,	NULL),
(34,	'NV Tax',	'6.85% Nevada Sales Tax',	6.85,	NULL,	1,	'2011-04-04 21:17:30',	1,	'2011-04-04 21:17:30',	NULL,	NULL),
(35,	'NJ Tax',	'7% New Jersey Sales Tax',	7,	NULL,	1,	'2011-04-04 21:17:30',	1,	'2011-04-04 21:17:30',	NULL,	NULL),
(36,	'NM Tax',	'5% New Mexico Sales Tax',	5,	NULL,	1,	'2011-04-04 21:17:30',	1,	'2011-04-04 21:17:30',	NULL,	NULL),
(37,	'NY Tax',	'4% New York Sales Tax',	4,	NULL,	1,	'2011-04-04 21:17:30',	1,	'2011-04-04 21:17:30',	NULL,	NULL),
(38,	'NC Tax',	'5.75% North Carolina Sales Tax',	5.75,	NULL,	1,	'2011-04-04 21:17:30',	1,	'2011-04-04 21:17:30',	NULL,	NULL),
(39,	'ND Tax',	'5% North Dakota Sales Tax',	5,	NULL,	1,	'2011-04-04 21:17:30',	1,	'2011-04-04 21:17:30',	NULL,	NULL),
(40,	'OH Tax',	'5.5% Ohio Sales Tax',	5.5,	NULL,	1,	'2011-04-04 21:17:30',	1,	'2011-04-04 21:17:30',	NULL,	NULL),
(41,	'OK Tax',	'4.5% Oklahoma Sales Tax',	4.5,	NULL,	1,	'2011-04-04 21:17:30',	1,	'2011-04-04 21:17:30',	NULL,	NULL),
(42,	'PA Tax',	'6% Pennsylvania Sales Tax',	6,	NULL,	1,	'2011-04-04 21:17:30',	1,	'2011-04-04 21:17:30',	NULL,	NULL),
(43,	'RI Tax',	'7% Rhode Island Sales Tax',	7,	NULL,	1,	'2011-04-04 21:17:30',	1,	'2011-04-04 21:17:30',	NULL,	NULL),
(44,	'SC Tax',	'6% South Carolina Sales Tax',	6,	NULL,	1,	'2011-04-04 21:17:30',	1,	'2011-04-04 21:17:30',	NULL,	NULL),
(45,	'SD Tax',	'4% South Dakota Sales Tax',	4,	NULL,	1,	'2011-04-04 21:17:30',	1,	'2011-04-04 21:17:30',	NULL,	NULL),
(46,	'TN Tax',	'7% Tennessee Sales Tax',	7,	NULL,	1,	'2011-04-04 21:17:30',	1,	'2011-04-04 21:17:30',	NULL,	NULL),
(47,	'TX Tax',	'6.25% Texas Sales Tax',	6.25,	NULL,	1,	'2011-04-04 21:17:30',	1,	'2011-04-04 21:17:30',	NULL,	NULL),
(48,	'UT Tax',	'4.7% Utah Sales Tax',	4.7,	NULL,	1,	'2011-04-04 21:17:30',	1,	'2011-04-04 21:17:30',	NULL,	NULL),
(49,	'VT Tax',	'6% Vermont Sales Tax',	6,	NULL,	1,	'2011-04-04 21:17:30',	1,	'2011-04-04 21:17:30',	NULL,	NULL),
(50,	'VA Tax',	'5% Virginia Sales Tax',	5,	NULL,	1,	'2011-04-04 21:17:30',	1,	'2011-04-04 21:17:30',	NULL,	NULL),
(51,	'WV Tax',	'6% West Virginia Sales Tax',	6,	NULL,	1,	'2011-04-04 21:17:30',	1,	'2011-04-04 21:17:30',	NULL,	NULL),
(52,	'WI Tax',	'5% Wisconsin Sales Tax',	5,	NULL,	1,	'2011-04-04 21:17:30',	1,	'2011-04-04 21:17:30',	NULL,	NULL),
(53,	'WA Tax',	'6.5% Washington Sales Tax',	6.5,	NULL,	1,	'2011-04-04 21:17:30',	1,	'2011-04-04 21:17:30',	NULL,	NULL),
(54,	'DC Tax',	'6% District of Columbia Sales Tax',	6,	NULL,	1,	'2011-04-04 21:17:30',	1,	'2011-04-04 21:26:17',	NULL,	NULL),
(55,	'WY Tax',	'4% Wyoming Sales Tax',	4,	NULL,	1,	'2011-04-04 21:17:30',	1,	'2011-04-04 21:17:30',	NULL,	NULL);

DROP TABLE IF EXISTS `producttaxproduct`;
CREATE TABLE `producttaxproduct` (
  `id` bigint(20) unsigned NOT NULL AUTO_INCREMENT,
  `productid` bigint(20) unsigned NOT NULL,
  `taxid` bigint(20) unsigned NOT NULL,
  PRIMARY KEY (`id`),
  KEY `productid` (`productid`),
  KEY `taxid` (`taxid`),
  CONSTRAINT `producttaxproduct_ibfk_1` FOREIGN KEY (`productid`) REFERENCES `product` (`id`),
  CONSTRAINT `producttaxproduct_ibfk_2` FOREIGN KEY (`taxid`) REFERENCES `producttax` (`id`)
) ENGINE=InnoDB DEFAULT CHARSET=utf8mb4 COLLATE=utf8mb4_unicode_ci;


DROP TABLE IF EXISTS `producttaxregion`;
CREATE TABLE `producttaxregion` (
  `id` bigint(20) unsigned NOT NULL AUTO_INCREMENT,
  `taxid` bigint(20) unsigned NOT NULL,
  `regionid` bigint(20) unsigned NOT NULL,
  PRIMARY KEY (`id`),
  KEY `taxid` (`taxid`),
  KEY `regionid` (`regionid`),
  CONSTRAINT `producttaxregion_ibfk_1` FOREIGN KEY (`taxid`) REFERENCES `producttax` (`id`),
  CONSTRAINT `producttaxregion_ibfk_2` FOREIGN KEY (`regionid`) REFERENCES `region` (`id`)
) ENGINE=InnoDB DEFAULT CHARSET=utf8mb4 COLLATE=utf8mb4_unicode_ci;

INSERT INTO `producttaxregion` (`id`, `taxid`, `regionid`) VALUES
(121,	10,	14),
(122,	11,	16),
(123,	12,	17),
(124,	13,	18),
(125,	14,	19),
(126,	15,	20),
(127,	16,	23),
(128,	17,	24),
(129,	18,	25),
(130,	19,	26),
(131,	20,	27),
(132,	21,	28),
(133,	22,	29),
(134,	23,	30),
(135,	24,	31),
(136,	25,	32),
(137,	26,	33),
(138,	27,	34),
(139,	28,	35),
(140,	29,	36),
(141,	30,	37),
(142,	31,	38),
(143,	32,	39),
(144,	33,	41),
(145,	34,	42),
(146,	35,	44),
(147,	36,	45),
(148,	37,	46),
(149,	38,	47),
(150,	39,	48),
(151,	40,	49),
(152,	41,	50),
(153,	42,	52),
(154,	43,	54),
(155,	44,	55),
(156,	45,	56),
(157,	46,	57),
(158,	47,	58),
(159,	48,	59),
(160,	49,	60),
(161,	50,	61),
(162,	51,	63),
(163,	52,	64),
(164,	53,	62),
(166,	55,	65),
(183,	54,	22),
(187,	1,	9);

DROP TABLE IF EXISTS `recurring_batches`;
CREATE TABLE `recurring_batches` (
  `id` bigint(20) unsigned NOT NULL AUTO_INCREMENT,
  `batched_on` date NOT NULL,
  `started_at` timestamp NULL DEFAULT NULL,
  `finished_at` timestamp NULL DEFAULT NULL,
  `elapsed_time` bigint(20) unsigned DEFAULT NULL,
  `max_simultaneous` tinyint(3) unsigned NOT NULL,
  `accounts_count` int(10) unsigned NOT NULL DEFAULT '0',
  `accounts_processed` int(10) unsigned NOT NULL DEFAULT '0',
  `transactions_approved` int(10) unsigned NOT NULL DEFAULT '0',
  `transactions_declined` int(10) unsigned NOT NULL DEFAULT '0',
  `created_at` timestamp NULL DEFAULT NULL,
  `updated_at` timestamp NULL DEFAULT NULL,
  PRIMARY KEY (`id`)
) ENGINE=InnoDB DEFAULT CHARSET=utf8mb4 COLLATE=utf8mb4_unicode_ci;


DROP TABLE IF EXISTS `recurring_payment_profiles`;
CREATE TABLE `recurring_payment_profiles` (
  `id` bigint(20) unsigned NOT NULL AUTO_INCREMENT,
  `status` varchar(14) COLLATE utf8mb4_unicode_ci NOT NULL COMMENT 'Status of the recurring payment profile. It is one of the following values: Active, Pending, Cancelled, Suspended, Expired.',
  `is_manual` tinyint(1) NOT NULL DEFAULT '0',
  `is_locked` tinyint(1) NOT NULL DEFAULT '0',
  `profile_id` varchar(14) COLLATE utf8mb4_unicode_ci DEFAULT NULL COMMENT 'A unique identifier for future reference to the details of this recurring payment.',
  `member_id` bigint(20) unsigned NOT NULL COMMENT 'The Member ID of the member owning the profile.',
  `paypal_subscription_id` varchar(40) COLLATE utf8mb4_unicode_ci DEFAULT NULL,
  `stripe_subscription_id` varchar(40) COLLATE utf8mb4_unicode_ci DEFAULT NULL,
  `subscriber_name` varchar(32) COLLATE utf8mb4_unicode_ci NOT NULL COMMENT 'Full name of the person receiving the product or service paid for by the recurring payment.',
  `profile_start_date` datetime NOT NULL COMMENT 'The date when billing for this profile begins.',
  `profile_reference` varchar(128) COLLATE utf8mb4_unicode_ci NOT NULL COMMENT 'The merchant''s own unique reference or invoice number.',
  `description` varchar(128) COLLATE utf8mb4_unicode_ci NOT NULL COMMENT 'Description of the recurring payment.',
  `final_payment_due_date` datetime DEFAULT NULL COMMENT 'Final scheduled payment due date before the profile expires.',
  `aggregate_amount` decimal(19,4) NOT NULL DEFAULT '0.0000' COMMENT 'Total amount collected thus far for scheduled payments.',
  `max_failed_payments` tinyint(4) NOT NULL DEFAULT '1' COMMENT 'Number of scheduled payments that can fail before the profile is automatically suspended.',
  `auto_bill_out_amt` tinyint(1) NOT NULL DEFAULT '0' COMMENT 'Indicates whether you would like Donorshops to automatically bill the outstanding balance amount in the next billing cycle.',
  `nsf_fee` decimal(19,4) NOT NULL DEFAULT '0.0000' COMMENT 'NSF Fee to charge for failed payments.',
  `ship_to_name` varchar(32) COLLATE utf8mb4_unicode_ci DEFAULT NULL COMMENT 'Person''s name associated with this shipping address.',
  `ship_to_street` varchar(100) COLLATE utf8mb4_unicode_ci DEFAULT NULL COMMENT 'First street address.',
  `ship_to_street2` varchar(100) COLLATE utf8mb4_unicode_ci DEFAULT NULL COMMENT 'Second street address.',
  `ship_to_city` varchar(40) COLLATE utf8mb4_unicode_ci DEFAULT NULL COMMENT 'Name of city.',
  `ship_to_state` varchar(40) COLLATE utf8mb4_unicode_ci DEFAULT NULL COMMENT 'State or province.',
  `ship_to_zip` varchar(20) COLLATE utf8mb4_unicode_ci DEFAULT NULL COMMENT 'U.S. ZIP code or other country-specific postal code.',
  `ship_to_country` varchar(2) COLLATE utf8mb4_unicode_ci DEFAULT NULL COMMENT 'Country code.',
  `ship_to_phone_num` varchar(20) COLLATE utf8mb4_unicode_ci DEFAULT NULL COMMENT 'Phone number.',
  `transaction_type` varchar(20) COLLATE utf8mb4_unicode_ci NOT NULL DEFAULT 'Standard' COMMENT 'The type of transaction. It is one of the following values: Standard, Donation.',
  `billing_period` varchar(10) COLLATE utf8mb4_unicode_ci NOT NULL DEFAULT 'Month' COMMENT 'Unit for billing during this subscription period. It is one of the following values: Day, Week, SemiMonth, Month.',
  `billing_frequency` tinyint(4) NOT NULL DEFAULT '12' COMMENT 'Number of billing periods that make up one billing cycle.',
  `billing_cycle_anchor` date DEFAULT NULL,
  `total_billing_cycles` int(11) NOT NULL DEFAULT '0' COMMENT 'Number of billing cycles for payment period.',
  `amt` decimal(19,4) NOT NULL COMMENT 'Billing amount for each billing cycle during this payment period. This amount does not include shipping and tax amounts.',
  `currency_code` char(3) COLLATE utf8mb4_unicode_ci NOT NULL DEFAULT 'USD' COMMENT 'Currency code (default is USD).',
  `shipping_amt` decimal(19,4) NOT NULL DEFAULT '0.0000' COMMENT 'Shipping amount for each billing cycle during this payment period.',
  `tax_amt` decimal(19,4) NOT NULL DEFAULT '0.0000' COMMENT 'Tax amount for each billing cycle during this payment period.',
  `init_amt` decimal(19,4) NOT NULL DEFAULT '0.0000' COMMENT 'Initial non-recurring payment amount due immediately upon profile creation.',
  `dcc_enabled_by_customer` tinyint(1) NOT NULL DEFAULT '0',
  `dcc_per_order_amount` decimal(19,4) NOT NULL DEFAULT '0.0000',
  `dcc_rate` decimal(19,4) NOT NULL DEFAULT '0.0000',
  `dcc_type` varchar(32) COLLATE utf8mb4_unicode_ci DEFAULT NULL,
  `dcc_amount` decimal(19,4) NOT NULL DEFAULT '0.0000',
  `next_billing_date` date NOT NULL COMMENT 'The next scheduled billing date.',
  `next_attempt_date` date DEFAULT NULL COMMENT 'The next scheduled attempt to re-bill a failed payment.',
  `num_cycles_completed` smallint(6) NOT NULL DEFAULT '0' COMMENT 'The number of billing cycles completed in the current active subscription period.',
  `num_cycles_remaining` smallint(6) DEFAULT NULL COMMENT 'The number of billing cycles remaining in the current active subscription period.',
  `outstanding_balance` decimal(19,4) NOT NULL DEFAULT '0.0000' COMMENT 'The current past due or outstanding balance for this profile.',
  `failed_payment_count` smallint(6) NOT NULL DEFAULT '0' COMMENT 'The total number of failed billing cycles for this profile.',
  `last_payment_date` datetime DEFAULT NULL COMMENT 'The date of the last successful payment received for this profile.',
  `last_payment_amt` decimal(19,4) DEFAULT NULL COMMENT 'The amount of the last successful payment received for this profile.',
  `platform_fee_type` varchar(32) COLLATE utf8mb4_unicode_ci DEFAULT NULL,
  `payment_method_id` bigint(20) unsigned DEFAULT NULL COMMENT 'The funding source to use in place of the default funding source.',
  `productorder_id` bigint(20) unsigned NOT NULL COMMENT 'The Order ID of the original Order.',
  `productorderitem_id` bigint(20) unsigned NOT NULL COMMENT 'The Order Line Item ID in the original Order.',
  `productinventory_id` bigint(20) unsigned DEFAULT NULL COMMENT 'The Product Inventory ID of the ordered Product.',
  `product_id` bigint(20) unsigned DEFAULT NULL COMMENT 'The Product ID of the ordered Product.',
  `payment_mutex` tinyint(1) NOT NULL DEFAULT '0' COMMENT 'Mutex used while processing a recurring payment.',
  `sponsorship_id` int(10) unsigned DEFAULT NULL,
  `cancel_reason` varchar(64) COLLATE utf8mb4_unicode_ci DEFAULT NULL,
  `dp_pledge_id_override` varchar(10) COLLATE utf8mb4_unicode_ci DEFAULT NULL,
  PRIMARY KEY (`id`),
  KEY `funding_source_id` (`payment_method_id`),
  KEY `member_id` (`member_id`),
  KEY `productorder_id` (`productorder_id`),
  KEY `productorderitem_id` (`productorderitem_id`),
  KEY `productinventory_id` (`productinventory_id`),
  KEY `product_id` (`product_id`),
  CONSTRAINT `recurring_payment_profiles_ibfk_3` FOREIGN KEY (`payment_method_id`) REFERENCES `payment_methods` (`id`) ON DELETE SET NULL,
  CONSTRAINT `recurring_payment_profiles_ibfk_4` FOREIGN KEY (`member_id`) REFERENCES `member` (`id`),
  CONSTRAINT `recurring_payment_profiles_ibfk_5` FOREIGN KEY (`productorder_id`) REFERENCES `productorder` (`id`),
  CONSTRAINT `recurring_payment_profiles_ibfk_6` FOREIGN KEY (`productorderitem_id`) REFERENCES `productorderitem` (`id`),
  CONSTRAINT `recurring_payment_profiles_ibfk_7` FOREIGN KEY (`productinventory_id`) REFERENCES `productinventory` (`id`),
  CONSTRAINT `recurring_payment_profiles_ibfk_8` FOREIGN KEY (`product_id`) REFERENCES `product` (`id`)
) ENGINE=InnoDB DEFAULT CHARSET=utf8mb4 COLLATE=utf8mb4_unicode_ci;


DROP TABLE IF EXISTS `refunds`;
CREATE TABLE `refunds` (
  `id` bigint(20) unsigned NOT NULL AUTO_INCREMENT COMMENT 'Unique identifier for the object.',
  `payment_id` bigint(20) unsigned NOT NULL COMMENT 'ID of the payment that was refunded.',
  `status` enum('succeeded','failed','pending','canceled') COLLATE utf8mb4_unicode_ci NOT NULL COMMENT 'Status of the refund.',
  `reference_number` varchar(40) COLLATE utf8mb4_unicode_ci NOT NULL COMMENT 'This is the transaction number that appears on email receipts sent for this refund.',
  `amount` decimal(19,4) NOT NULL,
  `currency` char(3) COLLATE utf8mb4_unicode_ci NOT NULL COMMENT 'Three-letter ISO currency code.',
  `refunded_by_id` bigint(20) unsigned NOT NULL,
  `reason` enum('duplicate','fraudulent','requested_by_customer') COLLATE utf8mb4_unicode_ci NOT NULL COMMENT 'Reason for the refund.',
  `failure_reason` enum('lost_or_stolen_card','expired_or_canceled_card','unknown') COLLATE utf8mb4_unicode_ci DEFAULT NULL COMMENT 'If the refund failed, the reason for refund failure if known.',
  `refund_audit_log` longtext CHARACTER SET utf8mb4 COLLATE utf8mb4_bin,
  `created_at` datetime DEFAULT NULL,
  `updated_at` datetime DEFAULT NULL,
  PRIMARY KEY (`id`),
  KEY `payment_id` (`payment_id`),
  KEY `refunded_by` (`refunded_by_id`),
  CONSTRAINT `refunds_ibfk_1` FOREIGN KEY (`payment_id`) REFERENCES `payments` (`id`),
  CONSTRAINT `refunds_ibfk_2` FOREIGN KEY (`refunded_by_id`) REFERENCES `user` (`id`)
) ENGINE=InnoDB DEFAULT CHARSET=utf8mb4 COLLATE=utf8mb4_unicode_ci;


DROP TABLE IF EXISTS `region`;
CREATE TABLE `region` (
  `id` bigint(20) unsigned NOT NULL AUTO_INCREMENT,
  `code` varchar(5) COLLATE utf8mb4_unicode_ci DEFAULT NULL,
  `name` varchar(250) COLLATE utf8mb4_unicode_ci DEFAULT NULL,
  `country` varchar(5) COLLATE utf8mb4_unicode_ci DEFAULT NULL,
  PRIMARY KEY (`id`)
) ENGINE=InnoDB DEFAULT CHARSET=utf8mb4 COLLATE=utf8mb4_unicode_ci;

INSERT INTO `region` (`id`, `code`, `name`, `country`) VALUES
(1,	'AB',	'Alberta',	'CA'),
(2,	'BC',	'British Columbia',	'CA'),
(3,	'MB',	'Manitoba',	'CA'),
(4,	'NB',	'New Brunswick',	'CA'),
(5,	'NL',	'Newfoundland',	'CA'),
(6,	'NT',	'Northwest Territory',	'CA'),
(7,	'NS',	'Nova Scotia',	'CA'),
(8,	'NU',	'Nunavut',	'CA'),
(9,	'ON',	'Ontario',	'CA'),
(10,	'PE',	'Prince Edward Island',	'CA'),
(11,	'QC',	'Quebec',	'CA'),
(12,	'SK',	'Saskatchewan',	'CA'),
(13,	'YT',	'Yukon Territory',	'CA'),
(14,	'AL',	'Alabama',	'US'),
(15,	'AK',	'Alaska',	'US'),
(16,	'AZ',	'Arizona',	'US'),
(17,	'AR',	'Arkansas',	'US'),
(18,	'CA',	'California',	'US'),
(19,	'CO',	'Colorado',	'US'),
(20,	'CT',	'Connecticut',	'US'),
(21,	'DE',	'Delaware',	'US'),
(22,	'DC',	'District of Columbia',	'US'),
(23,	'FL',	'Florida',	'US'),
(24,	'GA',	'Georgia',	'US'),
(25,	'HI',	'Hawaii',	'US'),
(26,	'ID',	'Idaho',	'US'),
(27,	'IL',	'Illinois',	'US'),
(28,	'IN',	'Indiana',	'US'),
(29,	'IA',	'Iowa',	'US'),
(30,	'KS',	'Kansas',	'US'),
(31,	'KY',	'Kentucky',	'US'),
(32,	'LA',	'Louisiana',	'US'),
(33,	'ME',	'Maine',	'US'),
(34,	'MD',	'Maryland',	'US'),
(35,	'MA',	'Massachusetts',	'US'),
(36,	'MI',	'Michigan',	'US'),
(37,	'MN',	'Minnesota',	'US'),
(38,	'MS',	'Mississippi',	'US'),
(39,	'MO',	'Missouri',	'US'),
(40,	'MT',	'Montana',	'US'),
(41,	'NE',	'Nebraska',	'US'),
(42,	'NV',	'Nevada',	'US'),
(43,	'NH',	'New Hampshire',	'US'),
(44,	'NJ',	'New Jersey',	'US'),
(45,	'NM',	'New Mexico',	'US'),
(46,	'NY',	'New York',	'US'),
(47,	'NC',	'North Carolina',	'US'),
(48,	'ND',	'North Dakota',	'US'),
(49,	'OH',	'Ohio',	'US'),
(50,	'OK',	'Oklahoma',	'US'),
(51,	'OR',	'Oregon',	'US'),
(52,	'PA',	'Pennsylvania',	'US'),
(53,	'PR',	'Puerto Rico',	'US'),
(54,	'RI',	'Rhode Island',	'US'),
(55,	'SC',	'South Carolina',	'US'),
(56,	'SD',	'South Dakota',	'US'),
(57,	'TN',	'Tennessee',	'US'),
(58,	'TX',	'Texas',	'US'),
(59,	'UT',	'Utah',	'US'),
(60,	'VT',	'Vermont',	'US'),
(61,	'VA',	'Virginia',	'US'),
(62,	'WA',	'Washington',	'US'),
(63,	'WV',	'West Virginia',	'US'),
(64,	'WI',	'Wisconsin',	'US'),
(65,	'WY',	'Wyoming',	'US'),
(66,	'AE',	'Armed Forces Africa / Canada / Euroupe / Middle East',	'US'),
(67,	'AA',	'Armed Forces America (except Canada)',	'US'),
(68,	'AP',	'Armed Forces Pacific',	'US');

DROP TABLE IF EXISTS `resthook_subscriptions`;
CREATE TABLE `resthook_subscriptions` (
  `id` bigint(20) unsigned NOT NULL AUTO_INCREMENT,
  `event` varchar(255) COLLATE utf8mb4_unicode_ci NOT NULL,
  `target_url` varchar(255) COLLATE utf8mb4_unicode_ci NOT NULL,
  `user_id` int(10) unsigned NOT NULL,
  `created_at` timestamp NULL DEFAULT NULL,
  `updated_at` timestamp NULL DEFAULT NULL,
  PRIMARY KEY (`id`),
  KEY `resthook_subscriptions_event_index` (`event`),
  KEY `resthook_subscriptions_user_id_index` (`user_id`)
) ENGINE=InnoDB DEFAULT CHARSET=utf8mb4 COLLATE=utf8mb4_unicode_ci;


DROP TABLE IF EXISTS `resumable_conversations`;
CREATE TABLE `resumable_conversations` (
  `id` bigint(20) unsigned NOT NULL AUTO_INCREMENT,
  `driver` varchar(255) COLLATE utf8mb4_unicode_ci NOT NULL,
  `sender` varchar(34) COLLATE utf8mb4_unicode_ci NOT NULL,
  `recipient` varchar(34) COLLATE utf8mb4_unicode_ci NOT NULL,
  `message` text COLLATE utf8mb4_unicode_ci NOT NULL,
  `conversation_id` bigint(20) unsigned NOT NULL,
  `parameters` longtext COLLATE utf8mb4_unicode_ci,
  `account_id` bigint(20) unsigned DEFAULT NULL,
  `resume_on` enum('account_verified','payment_method_added') COLLATE utf8mb4_unicode_ci NOT NULL,
  `expires` datetime NOT NULL,
  `created_at` datetime DEFAULT NULL,
  `updated_at` datetime DEFAULT NULL,
  PRIMARY KEY (`id`),
  KEY `conversation_id` (`conversation_id`),
  KEY `account_id` (`account_id`),
  CONSTRAINT `resumable_conversations_ibfk_1` FOREIGN KEY (`conversation_id`) REFERENCES `conversations` (`id`),
  CONSTRAINT `resumable_conversations_ibfk_2` FOREIGN KEY (`account_id`) REFERENCES `member` (`id`)
) ENGINE=InnoDB DEFAULT CHARSET=utf8mb4 COLLATE=utf8mb4_unicode_ci;


DROP TABLE IF EXISTS `segments`;
CREATE TABLE `segments` (
  `id` bigint(20) unsigned NOT NULL AUTO_INCREMENT,
  `type` varchar(25) COLLATE utf8mb4_unicode_ci NOT NULL DEFAULT 'text',
  `name` varchar(150) COLLATE utf8mb4_unicode_ci DEFAULT NULL,
  `name_plural` varchar(152) COLLATE utf8mb4_unicode_ci DEFAULT NULL,
  `description` text COLLATE utf8mb4_unicode_ci,
  `is_text_only` tinyint(1) NOT NULL DEFAULT '0',
  `is_simple` tinyint(1) NOT NULL DEFAULT '0',
  `is_geographic` tinyint(1) NOT NULL DEFAULT '0',
  `is_deleted` tinyint(1) NOT NULL DEFAULT '0',
  `created_at` datetime DEFAULT NULL,
  `created_by` bigint(20) unsigned DEFAULT NULL,
  `updated_at` datetime DEFAULT NULL,
  `updated_by` bigint(20) unsigned DEFAULT NULL,
  `sequence` int(11) DEFAULT '0',
  `show_as_filter` tinyint(1) NOT NULL DEFAULT '1',
  `show_in_detail` tinyint(1) NOT NULL DEFAULT '1',
  PRIMARY KEY (`id`),
  KEY `created_by` (`created_by`),
  KEY `updated_by` (`updated_by`),
  CONSTRAINT `segments_ibfk_1` FOREIGN KEY (`created_by`) REFERENCES `user` (`id`),
  CONSTRAINT `segments_ibfk_2` FOREIGN KEY (`updated_by`) REFERENCES `user` (`id`)
) ENGINE=InnoDB DEFAULT CHARSET=utf8mb4 COLLATE=utf8mb4_unicode_ci;


DROP TABLE IF EXISTS `segment_items`;
CREATE TABLE `segment_items` (
  `id` bigint(20) unsigned NOT NULL AUTO_INCREMENT,
  `segment_id` bigint(20) unsigned DEFAULT NULL,
  `name` varchar(150) COLLATE utf8mb4_unicode_ci DEFAULT NULL,
  `summary` varchar(2500) COLLATE utf8mb4_unicode_ci DEFAULT NULL,
  `latitude` decimal(9,6) DEFAULT NULL,
  `longitude` decimal(9,6) DEFAULT NULL,
  `is_deleted` tinyint(1) NOT NULL DEFAULT '0',
  `created_at` datetime DEFAULT NULL,
  `created_by` bigint(20) unsigned DEFAULT NULL,
  `updated_at` datetime DEFAULT NULL,
  `updated_by` bigint(20) unsigned DEFAULT NULL,
  `link` varchar(500) COLLATE utf8mb4_unicode_ci DEFAULT NULL,
  `target` varchar(20) COLLATE utf8mb4_unicode_ci DEFAULT NULL,
  PRIMARY KEY (`id`),
  KEY `segment_id` (`segment_id`),
  KEY `created_by` (`created_by`),
  KEY `updated_by` (`updated_by`),
  CONSTRAINT `segment_items_ibfk_1` FOREIGN KEY (`segment_id`) REFERENCES `segments` (`id`),
  CONSTRAINT `segment_items_ibfk_2` FOREIGN KEY (`created_by`) REFERENCES `user` (`id`),
  CONSTRAINT `segment_items_ibfk_3` FOREIGN KEY (`updated_by`) REFERENCES `user` (`id`)
) ENGINE=InnoDB DEFAULT CHARSET=utf8mb4 COLLATE=utf8mb4_unicode_ci;


DROP TABLE IF EXISTS `settings`;
CREATE TABLE `settings` (
  `id` bigint(20) unsigned NOT NULL AUTO_INCREMENT,
  `theme_id` bigint(20) unsigned DEFAULT NULL,
  `name` varchar(255) COLLATE utf8mb4_unicode_ci NOT NULL,
  `value` longtext COLLATE utf8mb4_unicode_ci,
  `label` varchar(255) COLLATE utf8mb4_unicode_ci DEFAULT NULL,
  `type` varchar(32) COLLATE utf8mb4_unicode_ci DEFAULT NULL,
  `info` varchar(255) COLLATE utf8mb4_unicode_ci DEFAULT NULL,
  `category` varchar(64) COLLATE utf8mb4_unicode_ci DEFAULT NULL,
  PRIMARY KEY (`id`),
  KEY `theme_id` (`theme_id`),
  CONSTRAINT `settings_ibfk_1` FOREIGN KEY (`theme_id`) REFERENCES `themes` (`id`) ON DELETE CASCADE
) ENGINE=InnoDB DEFAULT CHARSET=utf8mb4 COLLATE=utf8mb4_unicode_ci;

INSERT INTO `settings` (`id`, `theme_id`, `name`, `value`, `label`, `type`, `info`, `category`) VALUES
(69,	3,	'favicon',	'https://cdn.givecloud.co/s/assets/theme_support/favicon-32x32.png',	NULL,	NULL,	NULL,	NULL),
(70,	3,	'default_page_title',	'Our Charity',	NULL,	NULL,	NULL,	NULL),
(71,	3,	'theme_width',	'full',	NULL,	NULL,	NULL,	NULL),
(72,	3,	'theme_width_margin_color',	'#eeeeee',	NULL,	NULL,	NULL,	NULL),
(73,	3,	'element_roundness',	'md',	NULL,	NULL,	NULL,	NULL),
(74,	3,	'panel_style',	'shadow',	NULL,	NULL,	NULL,	NULL),
(75,	3,	'animations',	'0',	NULL,	NULL,	NULL,	NULL),
(76,	3,	'serif_font',	'Montserrat',	NULL,	NULL,	NULL,	NULL),
(77,	3,	'sans_font',	'Open Sans',	NULL,	NULL,	NULL,	NULL),
(78,	3,	'page_headings_font_style',	'serif_bold',	NULL,	NULL,	NULL,	NULL),
(79,	3,	'page_headings_decoration',	'none',	NULL,	NULL,	NULL,	NULL),
(80,	3,	'page_headings_case',	'none',	NULL,	NULL,	NULL,	NULL),
(81,	3,	'btn_font',	'Open Sans',	NULL,	NULL,	NULL,	NULL),
(82,	3,	'btn_font_weight',	'bolder',	NULL,	NULL,	NULL,	NULL),
(83,	3,	'btn_case',	'none',	NULL,	NULL,	NULL,	NULL),
(84,	3,	'btn_letter_spacing',	'0px',	NULL,	NULL,	NULL,	NULL),
(85,	3,	'header_type',	'full',	NULL,	NULL,	NULL,	NULL),
(86,	3,	'header_width',	'fixed',	NULL,	NULL,	NULL,	NULL),
(87,	3,	'header_style',	'normal',	NULL,	NULL,	NULL,	NULL),
(88,	3,	'show_page_cap',	'1',	NULL,	NULL,	NULL,	NULL),
(89,	3,	'page_cap_color',	'#222222',	NULL,	NULL,	NULL,	NULL),
(90,	3,	'page_cap_text_color',	'#ffffff',	NULL,	NULL,	NULL,	NULL),
(91,	3,	'show_checkout_link',	'0',	NULL,	NULL,	NULL,	NULL),
(92,	3,	'checkout_link_label',	NULL,	NULL,	NULL,	NULL,	NULL),
(93,	3,	'show_account_links',	'1',	NULL,	NULL,	NULL,	NULL),
(94,	3,	'account_create_account_label',	'Create an Account',	NULL,	NULL,	NULL,	NULL),
(95,	3,	'account_link_label',	'My Account',	NULL,	NULL,	NULL,	NULL),
(96,	3,	'account_signin_label',	'Sign-In',	NULL,	NULL,	NULL,	NULL),
(97,	3,	'header_logo_url',	'/',	NULL,	NULL,	NULL,	NULL),
(98,	3,	'header_logo_target',	NULL,	NULL,	NULL,	NULL,	NULL),
(99,	3,	'header_logo_condensed',	NULL,	NULL,	NULL,	NULL,	NULL),
(100,	3,	'sidebar_bg_color',	'#222222',	NULL,	NULL,	NULL,	NULL),
(101,	3,	'header_fb_url',	'https://facebook.com/',	NULL,	NULL,	NULL,	NULL),
(102,	3,	'header_twitter_url',	'https://twitter.com/',	NULL,	NULL,	NULL,	NULL),
(103,	3,	'header_instagram_url',	NULL,	NULL,	NULL,	NULL,	NULL),
(104,	3,	'header_youtube_url',	NULL,	NULL,	NULL,	NULL,	NULL),
(105,	3,	'header_vimeo_url',	NULL,	NULL,	NULL,	NULL,	NULL),
(106,	3,	'header_phone',	'555-555-5555',	NULL,	NULL,	NULL,	NULL),
(107,	3,	'header_email',	'info@ourcharity.org',	NULL,	NULL,	NULL,	NULL),
(108,	3,	'menu_pages_position',	'right',	NULL,	NULL,	NULL,	NULL),
(109,	3,	'menu_font_size',	'sm',	NULL,	NULL,	NULL,	NULL),
(110,	3,	'menu_font_style',	'sans-bold',	NULL,	NULL,	NULL,	NULL),
(111,	3,	'menu_text_color',	'#000000',	NULL,	NULL,	NULL,	NULL),
(112,	3,	'menu_hover_color',	'#000000',	NULL,	NULL,	NULL,	NULL),
(113,	3,	'menu_text_transform',	'upper',	NULL,	NULL,	NULL,	NULL),
(114,	3,	'menu_separator',	'1',	NULL,	NULL,	NULL,	NULL),
(115,	3,	'menu_include_cart',	'0',	NULL,	NULL,	NULL,	NULL),
(116,	3,	'menu_include_search',	'0',	NULL,	NULL,	NULL,	NULL),
(117,	3,	'menu_big_button_label',	'Donate',	NULL,	NULL,	NULL,	NULL),
(118,	3,	'menu_big_button_url',	'/give',	NULL,	NULL,	NULL,	NULL),
(119,	3,	'menu_alt_big_button_label',	NULL,	NULL,	NULL,	NULL,	NULL),
(120,	3,	'menu_alt_big_button_url',	NULL,	NULL,	NULL,	NULL,	NULL),
(121,	3,	'hero_menu_color',	'#444444',	NULL,	NULL,	NULL,	NULL),
(122,	3,	'hero_menu_text_color',	'#ffffff',	NULL,	NULL,	NULL,	NULL),
(123,	3,	'hero_menu_text_case',	'uppercase',	NULL,	NULL,	NULL,	NULL),
(124,	3,	'cookie_alert',	'0',	NULL,	NULL,	NULL,	NULL),
(125,	3,	'cookie_message',	'We use cookies to ensure you get the best experience on our website.',	NULL,	NULL,	NULL,	NULL),
(126,	3,	'cookie_learn_more_url',	'http://cookiesandyou.com/',	NULL,	NULL,	NULL,	NULL),
(127,	3,	'pop_up_option',	'no',	NULL,	NULL,	NULL,	NULL),
(128,	3,	'pop_up_headline',	'Attention',	NULL,	NULL,	NULL,	NULL),
(129,	3,	'pop_up_body',	'Our offices will be closed on Monday, January 12th for maintenance.',	NULL,	NULL,	NULL,	NULL),
(130,	3,	'pop_up_label',	'I Understand',	NULL,	NULL,	NULL,	NULL),
(131,	3,	'pop_up_url',	NULL,	NULL,	NULL,	NULL,	NULL),
(132,	3,	'pop_up_delay',	'0',	NULL,	NULL,	NULL,	NULL),
(133,	3,	'page_heading',	'parent',	NULL,	NULL,	NULL,	NULL),
(134,	3,	'page_heading_align',	'left',	NULL,	NULL,	NULL,	NULL),
(135,	3,	'page_allow_breadcrumb',	'0',	NULL,	NULL,	NULL,	NULL),
(136,	3,	'page_heading_font_color',	'#ffffff',	NULL,	NULL,	NULL,	NULL),
(137,	3,	'page_heading_bg',	'feature_image',	NULL,	NULL,	NULL,	NULL),
(138,	3,	'page_heading_bg_color',	'#777777',	NULL,	NULL,	NULL,	NULL),
(139,	3,	'page_heading_bg_effect',	'none',	NULL,	NULL,	NULL,	NULL),
(140,	3,	'page_content_bg_color',	'#f2f2f2',	NULL,	NULL,	NULL,	NULL),
(141,	3,	'page_content_bg_effect',	'gradient',	NULL,	NULL,	NULL,	NULL),
(142,	3,	'category_allow_add_to_cart',	'1',	NULL,	NULL,	NULL,	NULL),
(143,	3,	'category_empty_message',	'There are no items here.',	NULL,	NULL,	NULL,	NULL),
(144,	3,	'product_featured_category',	NULL,	NULL,	NULL,	NULL,	NULL),
(145,	3,	'goal_progress_currency_format',	'default',	NULL,	NULL,	NULL,	NULL),
(146,	3,	'goal_progress_primary_indicator',	'amount_raised',	NULL,	NULL,	NULL,	NULL),
(147,	3,	'login_header_image',	'2',	NULL,	NULL,	NULL,	NULL),
(148,	3,	'login_bg_color',	'#efefef',	NULL,	NULL,	NULL,	NULL),
(149,	3,	'register_heading',	'Create an Account',	NULL,	NULL,	NULL,	NULL),
(150,	3,	'register_subheading',	NULL,	NULL,	NULL,	NULL,	NULL),
(151,	3,	'register_button_label',	'Create account',	NULL,	NULL,	NULL,	NULL),
(152,	3,	'optin_label',	'Send me emails and updates.',	NULL,	NULL,	NULL,	NULL),
(153,	3,	'allow_register_by_donor_id',	'0',	NULL,	NULL,	NULL,	NULL),
(154,	3,	'register_donor_id_help',	'Use the Donor ID that was provided to you as well as your ZIP code on file to register.',	NULL,	NULL,	NULL,	NULL),
(155,	3,	'login_heading',	'Login',	NULL,	NULL,	NULL,	NULL),
(156,	3,	'login_subheading',	NULL,	NULL,	NULL,	NULL,	NULL),
(157,	3,	'login_button_label',	'Sign-In',	NULL,	NULL,	NULL,	NULL),
(158,	3,	'forgot_page_title',	'Forgot Your Password?',	NULL,	NULL,	NULL,	NULL),
(159,	3,	'forgot_password_heading',	'Forgot Your Password?',	NULL,	NULL,	NULL,	NULL),
(160,	3,	'forgot_password_subheading',	NULL,	NULL,	NULL,	NULL,	NULL),
(161,	3,	'forgot_password_help',	'Enter the email address you used to give or communicate with us.',	NULL,	NULL,	NULL,	NULL),
(162,	3,	'reset_password_button_label',	'Send Me a Login Link',	NULL,	NULL,	NULL,	NULL),
(163,	3,	'cancel_subscription_message',	'Are you sure you want to cancel your recurring donation?',	NULL,	NULL,	NULL,	NULL),
(164,	3,	'cancel_subscription_feedback_message',	'Help us improve! Why are you adjusting your payment?',	NULL,	NULL,	NULL,	NULL),
(165,	3,	'external_donations_on_member_profile_show',	'0',	NULL,	NULL,	NULL,	NULL),
(166,	3,	'external_donations_on_member_profile_header',	'All Order History',	NULL,	NULL,	NULL,	NULL),
(167,	3,	'external_donations_on_member_profile_columns',	'[\"Date\",\"Reference\",\"Amount\"]',	NULL,	NULL,	NULL,	NULL),
(168,	3,	'sponsorship_show_ref',	'1',	NULL,	NULL,	NULL,	NULL),
(169,	3,	'sponsorship_ref_prefix',	'Ref#',	NULL,	NULL,	NULL,	NULL),
(170,	3,	'sponsorship_name_format',	'first-last',	NULL,	NULL,	NULL,	NULL),
(171,	3,	'sponsorship_list_title',	'Sponsor a Beneficiary',	NULL,	NULL,	NULL,	NULL),
(172,	3,	'sponsorship_header_bg_image',	NULL,	NULL,	NULL,	NULL,	NULL),
(173,	3,	'sponsorship_list_style',	'masonry',	NULL,	NULL,	NULL,	NULL),
(174,	3,	'sponsorship_thumb_height',	'full',	NULL,	NULL,	NULL,	NULL),
(175,	3,	'sponsorship_list_empty_message',	'No records match your filter options.',	NULL,	NULL,	NULL,	NULL),
(176,	3,	'sponsorship_list_preface',	'<p><br></p>',	NULL,	NULL,	NULL,	NULL),
(177,	3,	'sponsorship_filter_position',	'top',	NULL,	NULL,	NULL,	NULL),
(178,	3,	'sponsorship_filter_options',	'[\"Age\",\"Birth Month\",\"Birth Year\"]',	NULL,	NULL,	NULL,	NULL),
(179,	3,	'sponsorship_filter_search_label',	'Search',	NULL,	NULL,	NULL,	NULL),
(180,	3,	'sponsorship_show_map',	'1',	NULL,	NULL,	NULL,	NULL),
(181,	3,	'sponsorship_map_type',	'static',	NULL,	NULL,	NULL,	NULL),
(182,	3,	'sponsorship_add_to_cart_label',	NULL,	NULL,	NULL,	NULL,	NULL),
(183,	3,	'sponsorship_first_payment',	'1',	NULL,	NULL,	NULL,	NULL),
(184,	3,	'sponsorship_first_payment_default',	'0',	NULL,	NULL,	NULL,	NULL),
(185,	3,	'fundraisers_heading',	'Fundraisers',	NULL,	NULL,	NULL,	NULL),
(186,	3,	'fundraisers_heading_image',	NULL,	NULL,	NULL,	NULL,	NULL),
(187,	3,	'fundraiser_list_background_color',	'#efefef',	NULL,	NULL,	NULL,	NULL),
(188,	3,	'fundraiser_list_empty_message',	'No fundraisers here.',	NULL,	NULL,	NULL,	NULL),
(189,	3,	'p2p_page_image_1',	'2',	NULL,	NULL,	NULL,	NULL),
(190,	3,	'p2p_page_image_2',	NULL,	NULL,	NULL,	NULL,	NULL),
(191,	3,	'p2p_page_image_3',	NULL,	NULL,	NULL,	NULL,	NULL),
(192,	3,	'p2p_page_image_4',	NULL,	NULL,	NULL,	NULL,	NULL),
(193,	3,	'p2p_page_image_5',	NULL,	NULL,	NULL,	NULL,	NULL),
(194,	3,	'p2p_page_create_instructions',	'<p class=\"text-lg\">We\'re so happy you\'ve chosen to create a fundraising page!</p><p>Here\'s a couple pointers to be sure you make the most of your page:</p><ul><li>Use a compelling, good quality image</li><li>If you have a video, include it</li><li>Share it with as many people as you can</li></ul>',	NULL,	NULL,	NULL,	NULL),
(195,	3,	'fundraisers_background_color',	'#efefef',	NULL,	NULL,	NULL,	NULL),
(196,	3,	'fundraisers_background_image',	'2',	NULL,	NULL,	NULL,	NULL),
(197,	3,	'fundraisers_background_style',	'full-screen',	NULL,	NULL,	NULL,	NULL),
(198,	3,	'fundraisers_create_a_page',	'Page Maker',	NULL,	NULL,	NULL,	NULL),
(199,	3,	'fundraisers_honour_roll_heading',	'Honour Roll',	NULL,	NULL,	NULL,	NULL),
(200,	3,	'fa_cart_icon',	'fa-shopping-basket',	NULL,	NULL,	NULL,	NULL),
(201,	3,	'cart_header_image',	'2',	NULL,	NULL,	NULL,	NULL),
(202,	3,	'cart_label',	'Basket',	NULL,	NULL,	NULL,	NULL),
(203,	3,	'cart_title',	'Your Payment',	NULL,	NULL,	NULL,	NULL),
(204,	3,	'cart_continue_shopping_enabled',	'1',	NULL,	NULL,	NULL,	NULL),
(205,	3,	'cart_continue_shopping_label',	'Continue Shopping',	NULL,	NULL,	NULL,	NULL),
(206,	3,	'cart_continue_shopping_url',	'/',	NULL,	NULL,	NULL,	NULL),
(207,	3,	'cart_comments_enabled',	'1',	NULL,	NULL,	NULL,	NULL),
(208,	3,	'cart_comments_label',	'Special Notes',	NULL,	NULL,	NULL,	NULL),
(209,	3,	'cart_comments_hint',	'Leave a note or special instructions.',	NULL,	NULL,	NULL,	NULL),
(210,	3,	'cart_promos_enabled',	'1',	NULL,	NULL,	NULL,	NULL),
(211,	3,	'cart_promos_label',	'Promotion Codes',	NULL,	NULL,	NULL,	NULL),
(212,	3,	'cart_promos_hint',	'Enter a discount code below, then click apply.',	NULL,	NULL,	NULL,	NULL),
(213,	3,	'cart_login_enabled',	'1',	NULL,	NULL,	NULL,	NULL),
(214,	3,	'cart_login_label',	'Already Have an Account?',	NULL,	NULL,	NULL,	NULL),
(215,	3,	'cart_login_hint',	'Login with your email and password for quicker checkout.',	NULL,	NULL,	NULL,	NULL),
(216,	3,	'cart_create_account',	'1',	NULL,	NULL,	NULL,	NULL),
(217,	3,	'cart_create_account_label',	'Create Account',	NULL,	NULL,	NULL,	NULL),
(218,	3,	'cart_create_account_description',	'Enter a password and we\'ll save your info for next time.',	NULL,	NULL,	NULL,	NULL),
(219,	3,	'product_recurring_first_payment',	'1',	NULL,	NULL,	NULL,	NULL),
(220,	3,	'product_recurring_first_payment_default',	'1',	NULL,	NULL,	NULL,	NULL),
(221,	3,	'account_type_selector',	'buttons',	NULL,	NULL,	NULL,	NULL),
(222,	3,	'show_payment_ssl_security',	'1',	NULL,	NULL,	NULL,	NULL),
(223,	3,	'referral_source_label',	'How\'d you hear about us?',	NULL,	NULL,	NULL,	NULL),
(224,	3,	'cart_referral_source_required',	'1',	NULL,	NULL,	NULL,	NULL),
(225,	3,	'pg_with_pay_bg_color',	'#ffffff',	NULL,	NULL,	NULL,	NULL),
(226,	3,	'pg_with_pay_panel_heading',	NULL,	NULL,	NULL,	NULL,	NULL),
(227,	3,	'pg_with_pay_panel_content',	NULL,	NULL,	NULL,	NULL,	NULL),
(228,	3,	'pg_with_pay_cover_fees',	'1',	NULL,	NULL,	NULL,	NULL),
(229,	3,	'pg_comments_enabled',	'1',	NULL,	NULL,	NULL,	NULL),
(230,	3,	'pg_comments_label',	'Special Notes',	NULL,	NULL,	NULL,	NULL),
(231,	3,	'pg_comments_hint',	'Leave a note or special instructions.',	NULL,	NULL,	NULL,	NULL),
(232,	3,	'ty_header_image',	'2',	NULL,	NULL,	NULL,	NULL),
(233,	3,	'ty_headline',	'Thank You!',	NULL,	NULL,	NULL,	NULL),
(234,	3,	'ty_leadout',	'Your generosity is making a difference!',	NULL,	NULL,	NULL,	NULL),
(235,	3,	'ty_box_2_enabled',	'1',	NULL,	NULL,	NULL,	NULL),
(236,	3,	'ty_box_2_label',	'Give Again',	NULL,	NULL,	NULL,	NULL),
(237,	3,	'ty_box_2_body',	'<p>Find more ways you can make a difference!</p><p><a href=\"/\" class=\"btn btn-sm btn-primary\" data-mce-href=\"/\"> Find More Items</a></p>',	NULL,	NULL,	NULL,	NULL),
(238,	3,	'ty_box_3_enabled',	'1',	NULL,	NULL,	NULL,	NULL),
(239,	3,	'ty_box_3_label',	'Share on Social Media',	NULL,	NULL,	NULL,	NULL),
(240,	3,	'ty_box_3_body',	'<p>Tell your friends about how they can help make a difference!</p>',	NULL,	NULL,	NULL,	NULL),
(241,	3,	'footer_scheme',	'dark',	NULL,	NULL,	NULL,	NULL),
(242,	3,	'footer_columns',	'0',	NULL,	NULL,	NULL,	NULL),
(243,	3,	'show_ssl_security',	'1',	NULL,	NULL,	NULL,	NULL),
(244,	3,	'footer_col_1_label',	NULL,	NULL,	NULL,	NULL,	NULL),
(245,	3,	'footer_col_1_content',	'<p><br></p>',	NULL,	NULL,	NULL,	NULL),
(246,	3,	'footer_col_2_label',	NULL,	NULL,	NULL,	NULL,	NULL),
(247,	3,	'footer_col_2_content',	'<p><br data-mce-bogus=\"1\"></p>',	NULL,	NULL,	NULL,	NULL),
(248,	3,	'footer_col_3_label',	NULL,	NULL,	NULL,	NULL,	NULL),
(249,	3,	'footer_col_3_content',	'<p><br></p>',	NULL,	NULL,	NULL,	NULL),
(250,	3,	'footer_col_4_label',	NULL,	NULL,	NULL,	NULL,	NULL),
(251,	3,	'footer_col_4_content',	'<p><br></p>',	NULL,	NULL,	NULL,	NULL),
(252,	3,	'footer_credits',	'<p><br data-mce-bogus=\"1\"></p>',	NULL,	NULL,	NULL,	NULL),
(253,	3,	'error_header_image',	NULL,	NULL,	NULL,	NULL,	NULL),
(254,	3,	'error_heading',	'Oh No!',	NULL,	NULL,	NULL,	NULL),
(255,	3,	'error_description',	'There\'s a problem with this link.',	NULL,	NULL,	NULL,	NULL),
(256,	3,	'error_box_1_enabled',	'0',	NULL,	NULL,	NULL,	NULL),
(257,	3,	'error_box_1_label',	'Give Again',	NULL,	NULL,	NULL,	NULL),
(258,	3,	'error_box_1_body',	'<p>Find more ways you can make a difference!</p><p><a href=\"/\" class=\"btn btn-sm btn-primary\" data-mce-href=\"/\"> Find More Items</a></p>',	NULL,	NULL,	NULL,	NULL),
(259,	3,	'error_box_2_enabled',	'0',	NULL,	NULL,	NULL,	NULL),
(260,	3,	'error_box_2_label',	'Give Again',	NULL,	NULL,	NULL,	NULL),
(261,	3,	'error_box_2_body',	'<p>Find more ways you can make a difference!</p><p><a href=\"/\" class=\"btn btn-sm btn-primary\" data-mce-href=\"/\"> Find More Items</a></p>',	NULL,	NULL,	NULL,	NULL),
(262,	3,	'error_box_3_enabled',	'0',	NULL,	NULL,	NULL,	NULL),
(263,	3,	'error_box_3_label',	'Share on Social Media',	NULL,	NULL,	NULL,	NULL),
(264,	3,	'error_box_3_body',	'<p>Tell your friends about how they can help make a difference!</p>',	NULL,	NULL,	NULL,	NULL),
(265,	3,	'css_overrides',	NULL,	NULL,	NULL,	NULL,	NULL),
(266,	3,	'custom_head_tags',	NULL,	NULL,	NULL,	NULL,	NULL),
(267,	3,	'custom_scripts',	NULL,	NULL,	NULL,	NULL,	NULL),
(268,	3,	'conversion_scripts',	NULL,	NULL,	NULL,	NULL,	NULL),
(269,	3,	'header_pinterest_url',	NULL,	NULL,	NULL,	NULL,	NULL),
(270,	3,	'header_linkedin_url',	NULL,	NULL,	NULL,	NULL,	NULL),
(271,	3,	'sponsorship_show_age',	'1',	NULL,	NULL,	NULL,	NULL),
(272,	3,	'sponsorship_show_gender',	'1',	NULL,	NULL,	NULL,	NULL),
(273,	3,	'sponsorship_show_rec_desc',	'0',	NULL,	NULL,	NULL,	NULL),
(274,	3,	'qty_selection_type',	'dropdown',	NULL,	NULL,	NULL,	NULL),
(275,	3,	'gift_aid_heading',	'Gift Aid (UK Only)',	NULL,	NULL,	NULL,	NULL),
(276,	3,	'gift_aid_description',	'Gift Aid is a tax incentive available to UK Tax Payers.',	NULL,	NULL,	NULL,	NULL),
(277,	3,	'gift_aid_checkbox_label',	'This donation is Gift Aid eligible.',	NULL,	NULL,	NULL,	NULL),
(278,	3,	'special_content_guest',	'<p><br></p>',	NULL,	NULL,	NULL,	NULL),
(279,	3,	'special_content_logged_in_non_member',	'<p><br data-mce-bogus=\"1\"></p>',	NULL,	NULL,	NULL,	NULL),
(280,	3,	'special_content_logged_in_member',	'<p><br></p>',	NULL,	NULL,	NULL,	NULL),
(281,	3,	'sponsorship_show_birthday',	'1',	NULL,	NULL,	NULL,	NULL),
(282,	3,	'page_heading_bg_default',	NULL,	NULL,	NULL,	NULL,	NULL),
(283,	3,	'product_preset_other_label',	'Other',	NULL,	NULL,	NULL,	NULL),
(284,	3,	'optin_enabled',	'1',	NULL,	NULL,	NULL,	NULL),
(285,	3,	'purchased_media_heading_title',	'My Purchased Media',	NULL,	NULL,	NULL,	NULL),
(286,	3,	'giving_impact_heading_title',	'My Impact',	NULL,	NULL,	NULL,	NULL),
(287,	3,	'giving_impact_referral_link_text',	'This is your referral link. Share this link on social media, through email or sms. When you refer people with this link, their visits, donations and mailing list sign ups will be attributed to you! Thanks for helping spread the word.',	NULL,	NULL,	NULL,	NULL),
(288,	3,	'google_maps_api_key',	NULL,	NULL,	NULL,	NULL,	NULL),
(289,	3,	'fundraisers_content',	'<p><br></p>',	NULL,	NULL,	NULL,	NULL),
(290,	3,	'fundraisers_honour_roll_limit',	'80',	NULL,	NULL,	NULL,	NULL),
(291,	3,	'fundraisers_honour_roll_style',	'masonry',	NULL,	NULL,	NULL,	NULL),
(292,	3,	'cart_post_checkout_redirect_url',	NULL,	NULL,	NULL,	NULL,	NULL),
(293,	3,	'billing_phone_required',	'0',	NULL,	NULL,	NULL,	NULL),
(294,	3,	'qty_selection_limit',	'25',	NULL,	NULL,	NULL,	NULL),
(295,	3,	'tribute_question',	'Do you want to dedicate this donation or donate as a gift to someone?',	NULL,	NULL,	NULL,	NULL),
(296,	3,	'tribute_type_label',	'Dedication Type',	NULL,	NULL,	NULL,	NULL),
(297,	3,	'tribute_name_label',	'Individual\'s Name',	NULL,	NULL,	NULL,	NULL),
(298,	3,	'tribute_notification_question',	'Do you want us to send a letter or eCard?',	NULL,	NULL,	NULL,	NULL),
(299,	3,	'pg_with_pay_floating_donate_button',	'1',	NULL,	NULL,	NULL,	NULL),
(300,	3,	'enable_upsell',	'0',	NULL,	NULL,	NULL,	NULL),
(301,	3,	'upsell_product',	NULL,	NULL,	NULL,	NULL,	NULL),
(302,	3,	'upsell_headline',	NULL,	NULL,	NULL,	NULL,	NULL),
(303,	3,	'upsell_description',	NULL,	NULL,	NULL,	NULL,	NULL),
(304,	3,	'upsell_button_label',	NULL,	NULL,	NULL,	NULL,	NULL),
(305,	3,	'upsell_bg_color',	'#f7f7f7',	NULL,	NULL,	NULL,	NULL),
(306,	3,	'upsell_headline_color',	'#000000',	NULL,	NULL,	NULL,	NULL),
(307,	3,	'upsell_description_color',	'#000000',	NULL,	NULL,	NULL,	NULL),
(308,	3,	'use_custom_upsell',	'0',	NULL,	NULL,	NULL,	NULL),
(309,	3,	'custom_upsell',	'<p><br></p>',	NULL,	NULL,	NULL,	NULL),
(310,	3,	'p2p_page_allow_image_upload',	'0',	NULL,	NULL,	NULL,	NULL),
(311,	3,	'p2p_page_allow_video_link',	'0',	NULL,	NULL,	NULL,	NULL),
(312,	3,	'p2p_allow_custom_description',	'0',	NULL,	NULL,	NULL,	NULL);

DROP TABLE IF EXISTS `shipping_method`;
CREATE TABLE `shipping_method` (
  `id` bigint(20) unsigned NOT NULL AUTO_INCREMENT,
  `name` varchar(150) COLLATE utf8mb4_unicode_ci DEFAULT NULL,
  `code` varchar(45) COLLATE utf8mb4_unicode_ci DEFAULT NULL,
  `description` varchar(2500) COLLATE utf8mb4_unicode_ci DEFAULT NULL,
  `show_on_web` tinyint(4) NOT NULL DEFAULT '1',
  `created_by` bigint(20) unsigned DEFAULT NULL,
  `created_at` datetime DEFAULT NULL,
  `updated_by` bigint(20) unsigned DEFAULT NULL,
  `updated_at` datetime DEFAULT NULL,
  `is_default` tinyint(4) NOT NULL DEFAULT '0',
  `deleted_at` datetime DEFAULT NULL,
  `deleted_by` bigint(20) unsigned DEFAULT NULL,
  `countries` varchar(2500) COLLATE utf8mb4_unicode_ci DEFAULT NULL,
  `regions` varchar(2500) COLLATE utf8mb4_unicode_ci DEFAULT NULL,
  `priority` int(11) DEFAULT NULL,
  PRIMARY KEY (`id`),
  KEY `created_by` (`created_by`),
  KEY `updated_by` (`updated_by`),
  KEY `deleted_by` (`deleted_by`),
  CONSTRAINT `shipping_method_ibfk_1` FOREIGN KEY (`created_by`) REFERENCES `user` (`id`),
  CONSTRAINT `shipping_method_ibfk_2` FOREIGN KEY (`updated_by`) REFERENCES `user` (`id`),
  CONSTRAINT `shipping_method_ibfk_3` FOREIGN KEY (`deleted_by`) REFERENCES `user` (`id`)
) ENGINE=InnoDB DEFAULT CHARSET=utf8mb4 COLLATE=utf8mb4_unicode_ci;

INSERT INTO `shipping_method` (`id`, `name`, `code`, `description`, `show_on_web`, `created_by`, `created_at`, `updated_by`, `updated_at`, `is_default`, `deleted_at`, `deleted_by`, `countries`, `regions`, `priority`) VALUES
(1,	'Standard Shipping',	'standard',	'',	0,	1,	'2014-07-18 08:37:47',	1,	'2015-08-13 09:30:42',	1,	NULL,	NULL,	NULL,	NULL,	NULL),
(2,	'Express Shipping',	'standard',	'',	0,	1,	'2014-09-08 11:21:19',	1,	'2014-09-08 11:22:24',	0,	NULL,	NULL,	NULL,	NULL,	NULL),
(3,	'In Store Pickup',	'standard',	'',	0,	1,	'2015-08-13 09:30:08',	1,	'2015-08-13 09:30:08',	0,	NULL,	NULL,	NULL,	NULL,	NULL);

DROP TABLE IF EXISTS `shipping_tier`;
CREATE TABLE `shipping_tier` (
  `id` bigint(20) unsigned NOT NULL AUTO_INCREMENT,
  `min_value` decimal(19,4) NOT NULL DEFAULT '0.0000',
  `max_value` decimal(19,4) NOT NULL DEFAULT '0.0000',
  `created_at` datetime DEFAULT NULL,
  `created_by` bigint(20) unsigned DEFAULT NULL,
  `updated_at` datetime DEFAULT NULL,
  `updated_by` bigint(20) unsigned DEFAULT NULL,
  PRIMARY KEY (`id`),
  KEY `created_by` (`created_by`),
  KEY `updated_by` (`updated_by`),
  CONSTRAINT `shipping_tier_ibfk_1` FOREIGN KEY (`created_by`) REFERENCES `user` (`id`),
  CONSTRAINT `shipping_tier_ibfk_2` FOREIGN KEY (`updated_by`) REFERENCES `user` (`id`)
) ENGINE=InnoDB DEFAULT CHARSET=utf8mb4 COLLATE=utf8mb4_unicode_ci;

INSERT INTO `shipping_tier` (`id`, `min_value`, `max_value`, `created_at`, `created_by`, `updated_at`, `updated_by`) VALUES
(1,	0.0000,	99.9900,	'2014-07-18 08:38:07',	1,	'2014-09-08 11:21:47',	1),
(2,	100.0000,	1000.0000,	'2014-09-08 11:21:36',	1,	'2014-09-08 11:21:36',	1),
(3,	1000.0000,	0.0000,	'2014-09-08 11:22:02',	1,	'2014-09-08 11:22:02',	1);

DROP TABLE IF EXISTS `shipping_value`;
CREATE TABLE `shipping_value` (
  `id` bigint(20) unsigned NOT NULL AUTO_INCREMENT,
  `method_id` bigint(20) unsigned DEFAULT NULL,
  `tier_id` bigint(20) unsigned DEFAULT NULL,
  `amount` decimal(19,4) NOT NULL DEFAULT '0.0000',
  PRIMARY KEY (`id`),
  KEY `method_id` (`method_id`),
  KEY `tier_id` (`tier_id`),
  CONSTRAINT `shipping_value_ibfk_1` FOREIGN KEY (`method_id`) REFERENCES `shipping_method` (`id`),
  CONSTRAINT `shipping_value_ibfk_2` FOREIGN KEY (`tier_id`) REFERENCES `shipping_tier` (`id`)
) ENGINE=InnoDB DEFAULT CHARSET=utf8mb4 COLLATE=utf8mb4_unicode_ci;

INSERT INTO `shipping_value` (`id`, `method_id`, `tier_id`, `amount`) VALUES
(3,	2,	1,	12.9500),
(4,	2,	2,	0.0000),
(5,	2,	3,	0.0000),
(9,	3,	1,	0.0000),
(10,	3,	2,	0.0000),
(11,	3,	3,	0.0000),
(12,	1,	1,	5.0000),
(13,	1,	2,	7.0000),
(14,	1,	3,	9.0000);

DROP TABLE IF EXISTS `social_identities`;
CREATE TABLE `social_identities` (
  `id` bigint(20) unsigned NOT NULL AUTO_INCREMENT,
  `provider_name` varchar(255) COLLATE utf8mb4_unicode_ci DEFAULT NULL,
  `provider_id` varchar(255) COLLATE utf8mb4_unicode_ci DEFAULT NULL,
  `is_confirmed` tinyint(1) NOT NULL DEFAULT '0',
  `avatar` text COLLATE utf8mb4_unicode_ci,
  `created_at` timestamp NULL DEFAULT NULL,
  `updated_at` timestamp NULL DEFAULT NULL,
  `authenticatable_type` varchar(255) COLLATE utf8mb4_unicode_ci NOT NULL,
  `authenticatable_id` bigint(20) unsigned NOT NULL,
  PRIMARY KEY (`id`),
  UNIQUE KEY `provider_authenticatable_idx` (`provider_name`,`provider_id`,`authenticatable_id`,`authenticatable_type`),
  KEY `authenticatable_idx` (`authenticatable_type`,`authenticatable_id`)
) ENGINE=InnoDB DEFAULT CHARSET=utf8mb4 COLLATE=utf8mb4_unicode_ci;


DROP TABLE IF EXISTS `sponsors`;
CREATE TABLE `sponsors` (
  `id` bigint(20) unsigned NOT NULL AUTO_INCREMENT,
  `member_id` int(10) unsigned NOT NULL,
  `sponsorship_id` int(10) unsigned NOT NULL,
  `order_item_id` int(10) unsigned DEFAULT NULL,
  `source` varchar(150) COLLATE utf8mb4_unicode_ci DEFAULT NULL,
  `started_at` datetime DEFAULT NULL,
  `started_by` int(10) unsigned DEFAULT NULL,
  `ended_at` datetime DEFAULT NULL,
  `ended_by` int(10) unsigned DEFAULT NULL,
  `ended_reason` varchar(150) COLLATE utf8mb4_unicode_ci DEFAULT NULL,
  `ended_note` varchar(2500) COLLATE utf8mb4_unicode_ci DEFAULT NULL,
  `last_payment_at` datetime DEFAULT NULL,
  `last_payment_amt` decimal(19,4) DEFAULT NULL,
  `last_payment_status` varchar(150) COLLATE utf8mb4_unicode_ci DEFAULT NULL,
  `lifetime_amt` decimal(19,4) DEFAULT NULL,
  `created_at` datetime DEFAULT NULL,
  `created_by` int(10) unsigned DEFAULT NULL,
  `updated_at` datetime DEFAULT NULL,
  `updated_by` int(10) unsigned DEFAULT NULL,
  `deleted_at` datetime DEFAULT NULL,
  `deleted_by` int(10) unsigned DEFAULT NULL,
  PRIMARY KEY (`id`)
) ENGINE=InnoDB DEFAULT CHARSET=utf8mb4 COLLATE=utf8mb4_unicode_ci;


DROP TABLE IF EXISTS `sponsorship`;
CREATE TABLE `sponsorship` (
  `id` bigint(20) unsigned NOT NULL AUTO_INCREMENT,
  `first_name` varchar(45) COLLATE utf8mb4_unicode_ci DEFAULT NULL,
  `last_name` varchar(45) COLLATE utf8mb4_unicode_ci DEFAULT NULL,
  `_drop_payment_option_group_id` int(11) DEFAULT NULL,
  `private_notes` mediumtext COLLATE utf8mb4_unicode_ci,
  `biography` varchar(8000) COLLATE utf8mb4_unicode_ci DEFAULT NULL,
  `image` varchar(250) COLLATE utf8mb4_unicode_ci DEFAULT NULL,
  `media_id` bigint(20) unsigned DEFAULT NULL,
  `street_number` varchar(45) COLLATE utf8mb4_unicode_ci DEFAULT NULL,
  `street_name` varchar(250) COLLATE utf8mb4_unicode_ci DEFAULT NULL,
  `village` varchar(250) COLLATE utf8mb4_unicode_ci DEFAULT NULL,
  `region` varchar(250) COLLATE utf8mb4_unicode_ci DEFAULT NULL,
  `country` varchar(250) COLLATE utf8mb4_unicode_ci DEFAULT NULL,
  `project` varchar(250) COLLATE utf8mb4_unicode_ci DEFAULT NULL,
  `birth_date` date DEFAULT NULL,
  `enrollment_date` date DEFAULT NULL,
  `school` varchar(250) COLLATE utf8mb4_unicode_ci DEFAULT NULL,
  `gender` char(1) COLLATE utf8mb4_unicode_ci DEFAULT 'M',
  `longitude` decimal(9,6) DEFAULT NULL,
  `latitude` decimal(9,6) DEFAULT NULL,
  `created_at` date DEFAULT NULL,
  `created_by` bigint(20) unsigned DEFAULT NULL,
  `updated_at` date DEFAULT NULL,
  `updated_by` bigint(20) unsigned DEFAULT NULL,
  `is_deleted` tinyint(1) NOT NULL DEFAULT '0',
  `phone` varchar(45) COLLATE utf8mb4_unicode_ci DEFAULT NULL,
  `is_enabled` tinyint(1) NOT NULL DEFAULT '0',
  `reference_number` varchar(25) COLLATE utf8mb4_unicode_ci DEFAULT NULL,
  `meta1` varchar(200) COLLATE utf8mb4_unicode_ci DEFAULT NULL,
  `meta2` varchar(200) COLLATE utf8mb4_unicode_ci DEFAULT NULL,
  `meta3` varchar(200) COLLATE utf8mb4_unicode_ci DEFAULT NULL,
  `meta4` varchar(200) COLLATE utf8mb4_unicode_ci DEFAULT NULL,
  `meta5` varchar(200) COLLATE utf8mb4_unicode_ci DEFAULT NULL,
  `meta6` varchar(200) COLLATE utf8mb4_unicode_ci DEFAULT NULL,
  `meta7` varchar(200) COLLATE utf8mb4_unicode_ci DEFAULT NULL,
  `meta8` varchar(200) COLLATE utf8mb4_unicode_ci DEFAULT NULL,
  `meta9` varchar(200) COLLATE utf8mb4_unicode_ci DEFAULT NULL,
  `meta10` varchar(200) COLLATE utf8mb4_unicode_ci DEFAULT NULL,
  `meta11` varchar(200) COLLATE utf8mb4_unicode_ci DEFAULT NULL,
  `meta12` varchar(200) COLLATE utf8mb4_unicode_ci DEFAULT NULL,
  `meta13` varchar(200) COLLATE utf8mb4_unicode_ci DEFAULT NULL,
  `meta14` varchar(200) COLLATE utf8mb4_unicode_ci DEFAULT NULL,
  `meta15` varchar(200) COLLATE utf8mb4_unicode_ci DEFAULT NULL,
  `meta16` varchar(200) COLLATE utf8mb4_unicode_ci DEFAULT NULL,
  `meta17` varchar(200) COLLATE utf8mb4_unicode_ci DEFAULT NULL,
  `meta18` varchar(200) COLLATE utf8mb4_unicode_ci DEFAULT NULL,
  `meta19` varchar(200) COLLATE utf8mb4_unicode_ci DEFAULT NULL,
  `meta20` varchar(200) COLLATE utf8mb4_unicode_ci DEFAULT NULL,
  `meta21` varchar(200) COLLATE utf8mb4_unicode_ci DEFAULT NULL,
  `meta22` varchar(200) COLLATE utf8mb4_unicode_ci DEFAULT NULL,
  `meta23` varchar(200) COLLATE utf8mb4_unicode_ci DEFAULT NULL,
  `is_sponsored` tinyint(1) NOT NULL DEFAULT '0',
  `sponsor_count` int(11) NOT NULL DEFAULT '0',
  `is_sponsored_auto` tinyint(1) NOT NULL DEFAULT '1',
  `last_timeline_update_on` datetime DEFAULT NULL,
  PRIMARY KEY (`id`),
  KEY `created_by` (`created_by`),
  KEY `updated_by` (`updated_by`),
  KEY `payment_option_group_id` (`_drop_payment_option_group_id`),
  KEY `media_id` (`media_id`),
  CONSTRAINT `sponsorship_ibfk_1` FOREIGN KEY (`created_by`) REFERENCES `user` (`id`),
  CONSTRAINT `sponsorship_ibfk_2` FOREIGN KEY (`updated_by`) REFERENCES `user` (`id`),
  CONSTRAINT `sponsorship_ibfk_3` FOREIGN KEY (`media_id`) REFERENCES `media` (`id`) ON DELETE SET NULL
) ENGINE=InnoDB DEFAULT CHARSET=utf8mb4 COLLATE=utf8mb4_unicode_ci;


DROP TABLE IF EXISTS `sponsorship_payment_option_groups`;
CREATE TABLE `sponsorship_payment_option_groups` (
  `sponsorship_id` int(10) unsigned NOT NULL,
  `payment_option_group_id` int(10) unsigned NOT NULL,
  PRIMARY KEY (`sponsorship_id`,`payment_option_group_id`)
) ENGINE=InnoDB DEFAULT CHARSET=utf8mb4 COLLATE=utf8mb4_unicode_ci;


DROP TABLE IF EXISTS `sponsorship_segments`;
CREATE TABLE `sponsorship_segments` (
  `id` bigint(20) unsigned NOT NULL AUTO_INCREMENT,
  `sponsorship_id` bigint(20) unsigned DEFAULT NULL,
  `segment_id` bigint(20) unsigned DEFAULT NULL,
  `segment_item_id` bigint(20) unsigned DEFAULT NULL,
  `value` varchar(450) COLLATE utf8mb4_unicode_ci DEFAULT NULL,
  `created_at` datetime DEFAULT NULL,
  `created_by` bigint(20) unsigned DEFAULT NULL,
  `updated_at` datetime DEFAULT NULL,
  `updated_by` bigint(20) unsigned DEFAULT NULL,
  PRIMARY KEY (`id`),
  KEY `sponsorship_id` (`sponsorship_id`),
  KEY `segment_id` (`segment_id`),
  KEY `segment_item_id` (`segment_item_id`),
  KEY `created_by` (`created_by`),
  KEY `updated_by` (`updated_by`),
  CONSTRAINT `sponsorship_segments_ibfk_1` FOREIGN KEY (`sponsorship_id`) REFERENCES `sponsorship` (`id`),
  CONSTRAINT `sponsorship_segments_ibfk_2` FOREIGN KEY (`segment_id`) REFERENCES `segments` (`id`),
  CONSTRAINT `sponsorship_segments_ibfk_3` FOREIGN KEY (`segment_item_id`) REFERENCES `segment_items` (`id`),
  CONSTRAINT `sponsorship_segments_ibfk_4` FOREIGN KEY (`created_by`) REFERENCES `user` (`id`),
  CONSTRAINT `sponsorship_segments_ibfk_5` FOREIGN KEY (`updated_by`) REFERENCES `user` (`id`)
) ENGINE=InnoDB DEFAULT CHARSET=utf8mb4 COLLATE=utf8mb4_unicode_ci;


DROP TABLE IF EXISTS `stock_adjustments`;
CREATE TABLE `stock_adjustments` (
  `id` bigint(20) unsigned NOT NULL AUTO_INCREMENT,
  `type` enum('physical_count','adjustment') COLLATE utf8mb4_unicode_ci NOT NULL,
  `variant_id` bigint(20) unsigned NOT NULL,
  `state` enum('in_stock','sold') COLLATE utf8mb4_unicode_ci NOT NULL,
  `quantity` int(11) NOT NULL,
  `occurred_at` datetime DEFAULT NULL,
  `note` varchar(191) COLLATE utf8mb4_unicode_ci DEFAULT NULL,
  `user_id` bigint(20) unsigned DEFAULT NULL,
  `payment_id` bigint(20) unsigned DEFAULT NULL,
  `refund_id` bigint(20) unsigned DEFAULT NULL,
  `created_at` datetime DEFAULT NULL,
  `updated_at` datetime DEFAULT NULL,
  PRIMARY KEY (`id`),
  KEY `variant_id` (`variant_id`),
  KEY `user_id` (`user_id`),
  KEY `payment_id` (`payment_id`),
  KEY `refund_id` (`refund_id`),
  CONSTRAINT `stock_adjustments_ibfk_1` FOREIGN KEY (`variant_id`) REFERENCES `productinventory` (`id`),
  CONSTRAINT `stock_adjustments_ibfk_2` FOREIGN KEY (`user_id`) REFERENCES `user` (`id`),
  CONSTRAINT `stock_adjustments_ibfk_3` FOREIGN KEY (`payment_id`) REFERENCES `payments` (`id`),
  CONSTRAINT `stock_adjustments_ibfk_4` FOREIGN KEY (`refund_id`) REFERENCES `refunds` (`id`)
) ENGINE=InnoDB DEFAULT CHARSET=utf8mb4 COLLATE=utf8mb4_unicode_ci;


DROP TABLE IF EXISTS `taggables`;
CREATE TABLE `taggables` (
  `tag_id` bigint(20) unsigned NOT NULL,
  `taggable_id` int(11) unsigned DEFAULT NULL,
  `taggable_type` varchar(128) COLLATE utf8mb4_unicode_ci NOT NULL,
  UNIQUE KEY `tag_id_taggable_id_taggable_type` (`tag_id`,`taggable_id`,`taggable_type`),
  CONSTRAINT `taggables_ibfk_1` FOREIGN KEY (`tag_id`) REFERENCES `tags` (`id`)
) ENGINE=InnoDB DEFAULT CHARSET=utf8mb4 COLLATE=utf8mb4_unicode_ci;

INSERT INTO `taggables` (`tag_id`, `taggable_id`, `taggable_type`) VALUES
(1,	1,	'Ds\\Models\\Media'),
(2,	1,	'Ds\\Models\\Media'),
(3,	1,	'Ds\\Models\\Media'),
(4,	1,	'Ds\\Models\\Media'),
(5,	1,	'Ds\\Models\\Media'),
(6,	1,	'Ds\\Models\\Media'),
(7,	1,	'Ds\\Models\\Media'),
(8,	1,	'Ds\\Models\\Media'),
(9,	1,	'Ds\\Models\\Media'),
(10,	1,	'Ds\\Models\\Media'),
(11,	2,	'Ds\\Models\\Media'),
(12,	2,	'Ds\\Models\\Media'),
(13,	3,	'Ds\\Models\\Media'),
(14,	3,	'Ds\\Models\\Media'),
(15,	3,	'Ds\\Models\\Media'),
(16,	3,	'Ds\\Models\\Media'),
(17,	3,	'Ds\\Models\\Media'),
(18,	3,	'Ds\\Models\\Media'),
(19,	3,	'Ds\\Models\\Media'),
(20,	3,	'Ds\\Models\\Media'),
(21,	3,	'Ds\\Models\\Media'),
(22,	3,	'Ds\\Models\\Media');

DROP TABLE IF EXISTS `tags`;
CREATE TABLE `tags` (
  `id` bigint(20) unsigned NOT NULL AUTO_INCREMENT,
  `name` varchar(191) COLLATE utf8mb4_unicode_ci NOT NULL DEFAULT '',
  `created_at` timestamp NULL DEFAULT NULL,
  `created_by` int(11) NOT NULL,
  `updated_at` timestamp NULL DEFAULT NULL,
  `updated_by` int(11) NOT NULL,
  PRIMARY KEY (`id`),
  UNIQUE KEY `name` (`name`)
) ENGINE=InnoDB DEFAULT CHARSET=utf8mb4 COLLATE=utf8mb4_unicode_ci;

INSERT INTO `tags` (`id`, `name`, `created_at`, `created_by`, `updated_at`, `updated_by`) VALUES
(1,	't-shirt',	'2019-09-17 04:37:39',	1,	'2019-09-17 04:37:39',	1),
(2,	'clothing',	'2019-09-17 04:37:39',	1,	'2019-09-17 04:37:39',	1),
(3,	'red',	'2019-09-17 04:37:39',	1,	'2019-09-17 04:37:39',	1),
(4,	'shoulder',	'2019-09-17 04:37:39',	1,	'2019-09-17 04:37:39',	1),
(5,	'cool',	'2019-09-17 04:37:39',	1,	'2019-09-17 04:37:39',	1),
(6,	'top',	'2019-09-17 04:37:39',	1,	'2019-09-17 04:37:39',	1),
(7,	'fun',	'2019-09-17 04:37:39',	1,	'2019-09-17 04:37:39',	1),
(8,	'sleeve',	'2019-09-17 04:37:39',	1,	'2019-09-17 04:37:39',	1),
(9,	'gesture',	'2019-09-17 04:37:39',	1,	'2019-09-17 04:37:39',	1),
(10,	'neck',	'2019-09-17 04:37:39',	1,	'2019-09-17 04:37:39',	1),
(11,	'rectangle',	'2019-09-17 04:45:49',	1,	'2019-09-17 04:45:49',	1),
(12,	'slate',	'2019-09-17 04:45:49',	1,	'2019-09-17 04:45:49',	1),
(13,	'wine glass',	'2019-09-17 05:07:01',	1,	'2019-09-17 05:07:01',	1),
(14,	'stemware',	'2019-09-17 05:07:01',	1,	'2019-09-17 05:07:01',	1),
(15,	'drinkware',	'2019-09-17 05:07:01',	1,	'2019-09-17 05:07:01',	1),
(16,	'champagne stemware',	'2019-09-17 05:07:01',	1,	'2019-09-17 05:07:01',	1),
(17,	'drink',	'2019-09-17 05:07:01',	1,	'2019-09-17 05:07:01',	1),
(18,	'glass',	'2019-09-17 05:07:01',	1,	'2019-09-17 05:07:01',	1),
(19,	'tableware',	'2019-09-17 05:07:02',	1,	'2019-09-17 05:07:02',	1),
(20,	'alcoholic beverage',	'2019-09-17 05:07:02',	1,	'2019-09-17 05:07:02',	1),
(21,	'function hall',	'2019-09-17 05:07:02',	1,	'2019-09-17 05:07:02',	1),
(22,	'distilled beverage',	'2019-09-17 05:07:02',	1,	'2019-09-17 05:07:02',	1);

DROP TABLE IF EXISTS `tax_receipts`;
CREATE TABLE `tax_receipts` (
  `id` bigint(20) unsigned NOT NULL AUTO_INCREMENT,
  `order_id` bigint(20) unsigned DEFAULT NULL,
  `transaction_id` bigint(20) unsigned DEFAULT NULL,
  `receipt_type` enum('single','consolidated') COLLATE utf8mb4_unicode_ci NOT NULL DEFAULT 'single',
  `status` enum('draft','issued','void') COLLATE utf8mb4_unicode_ci NOT NULL DEFAULT 'issued',
  `number` varchar(50) COLLATE utf8mb4_unicode_ci DEFAULT NULL,
  `issued_at` datetime DEFAULT NULL,
  `amount` decimal(19,4) DEFAULT NULL,
  `currency_code` char(3) COLLATE utf8mb4_unicode_ci DEFAULT NULL,
  `account_id` bigint(20) unsigned DEFAULT NULL,
  `name` varchar(255) COLLATE utf8mb4_unicode_ci DEFAULT NULL,
  `first_name` varchar(45) COLLATE utf8mb4_unicode_ci DEFAULT NULL,
  `last_name` varchar(45) COLLATE utf8mb4_unicode_ci DEFAULT NULL,
  `email` varchar(45) COLLATE utf8mb4_unicode_ci DEFAULT NULL,
  `address_01` varchar(450) COLLATE utf8mb4_unicode_ci DEFAULT NULL,
  `address_02` varchar(450) COLLATE utf8mb4_unicode_ci DEFAULT NULL,
  `city` varchar(200) COLLATE utf8mb4_unicode_ci DEFAULT NULL,
  `state` varchar(45) COLLATE utf8mb4_unicode_ci DEFAULT NULL,
  `zip` varchar(45) COLLATE utf8mb4_unicode_ci DEFAULT NULL,
  `country` varchar(200) COLLATE utf8mb4_unicode_ci DEFAULT NULL,
  `phone` varchar(45) COLLATE utf8mb4_unicode_ci DEFAULT NULL,
  `tax_receipt_template_id` bigint(20) unsigned DEFAULT NULL,
  `storage_path` varchar(450) COLLATE utf8mb4_unicode_ci DEFAULT NULL,
  `changes` longtext COLLATE utf8mb4_unicode_ci,
  `versions` longtext COLLATE utf8mb4_unicode_ci,
  `created_at` datetime DEFAULT NULL,
  `voided_at` datetime DEFAULT NULL,
  `voided_by` int(10) unsigned DEFAULT NULL,
  `created_by` int(10) unsigned DEFAULT NULL,
  `updated_at` datetime DEFAULT NULL,
  `updated_by` int(10) unsigned DEFAULT NULL,
  `deleted_at` datetime DEFAULT NULL,
  `deleted_by` int(10) unsigned DEFAULT NULL,
  PRIMARY KEY (`id`),
  KEY `order_id` (`order_id`),
  KEY `transaction_id` (`transaction_id`),
  KEY `tax_receipts_account_id_foreign` (`account_id`),
  KEY `tax_receipts_tax_receipt_template_id_foreign` (`tax_receipt_template_id`),
  CONSTRAINT `tax_receipts_account_id_foreign` FOREIGN KEY (`account_id`) REFERENCES `member` (`id`) ON DELETE CASCADE,
  CONSTRAINT `tax_receipts_ibfk_1` FOREIGN KEY (`order_id`) REFERENCES `productorder` (`id`),
  CONSTRAINT `tax_receipts_ibfk_2` FOREIGN KEY (`transaction_id`) REFERENCES `transactions` (`id`),
  CONSTRAINT `tax_receipts_tax_receipt_template_id_foreign` FOREIGN KEY (`tax_receipt_template_id`) REFERENCES `tax_receipt_templates` (`id`)
) ENGINE=InnoDB DEFAULT CHARSET=utf8mb4 COLLATE=utf8mb4_unicode_ci;


DROP TABLE IF EXISTS `tax_receipt_line_items`;
CREATE TABLE `tax_receipt_line_items` (
  `id` bigint(20) unsigned NOT NULL AUTO_INCREMENT,
  `tax_receipt_id` bigint(20) unsigned NOT NULL,
  `order_id` bigint(20) unsigned DEFAULT NULL,
  `transaction_id` bigint(20) unsigned DEFAULT NULL,
  `description` varchar(255) COLLATE utf8mb4_unicode_ci NOT NULL,
  `amount` decimal(19,4) unsigned NOT NULL,
  `currency_code` char(3) COLLATE utf8mb4_unicode_ci NOT NULL,
  `donated_at` datetime NOT NULL,
  `gl_code` varchar(255) COLLATE utf8mb4_unicode_ci DEFAULT NULL,
  PRIMARY KEY (`id`),
  KEY `tax_receipt_line_items_tax_receipt_id_foreign` (`tax_receipt_id`),
  KEY `tax_receipt_line_items_order_id_foreign` (`order_id`),
  KEY `tax_receipt_line_items_transaction_id_foreign` (`transaction_id`),
  CONSTRAINT `tax_receipt_line_items_order_id_foreign` FOREIGN KEY (`order_id`) REFERENCES `productorder` (`id`),
  CONSTRAINT `tax_receipt_line_items_tax_receipt_id_foreign` FOREIGN KEY (`tax_receipt_id`) REFERENCES `tax_receipts` (`id`) ON DELETE CASCADE,
  CONSTRAINT `tax_receipt_line_items_transaction_id_foreign` FOREIGN KEY (`transaction_id`) REFERENCES `transactions` (`id`)
) ENGINE=InnoDB DEFAULT CHARSET=utf8mb4 COLLATE=utf8mb4_unicode_ci;


DROP TABLE IF EXISTS `tax_receipt_templates`;
CREATE TABLE `tax_receipt_templates` (
  `id` bigint(20) unsigned NOT NULL AUTO_INCREMENT,
  `is_default` tinyint(1) NOT NULL DEFAULT '0',
  `template_type` enum('template','revision') COLLATE utf8mb4_unicode_ci NOT NULL,
  `parent_id` bigint(20) unsigned DEFAULT NULL,
  `latest_revision_id` bigint(20) unsigned DEFAULT NULL,
  `name` varchar(64) COLLATE utf8mb4_unicode_ci NOT NULL,
  `body` longtext COLLATE utf8mb4_unicode_ci NOT NULL,
  `created_at` timestamp NULL DEFAULT NULL,
  `updated_at` timestamp NULL DEFAULT NULL,
  PRIMARY KEY (`id`),
  KEY `tax_receipt_templates_parent_id_foreign` (`parent_id`),
  KEY `tax_receipt_templates_latest_revision_id_foreign` (`latest_revision_id`),
  CONSTRAINT `tax_receipt_templates_latest_revision_id_foreign` FOREIGN KEY (`latest_revision_id`) REFERENCES `tax_receipt_templates` (`id`),
  CONSTRAINT `tax_receipt_templates_parent_id_foreign` FOREIGN KEY (`parent_id`) REFERENCES `tax_receipt_templates` (`id`) ON DELETE CASCADE
) ENGINE=InnoDB DEFAULT CHARSET=utf8mb4 COLLATE=utf8mb4_unicode_ci;

INSERT INTO `tax_receipt_templates` (`id`, `is_default`, `template_type`, `parent_id`, `latest_revision_id`, `name`, `body`, `created_at`, `updated_at`) VALUES
(1,	1,	'template',	NULL,	2,	'Default tax receipt template',	'<div class=\"page\" title=\"Page 1\">\n<div class=\"section\">\n<div class=\"layoutArea\">\n<div class=\"column\">\n<table style=\"width: 609px; margin-left: auto; margin-right: auto;\">\n<tbody>\n<tr>\n<td style=\"width: 309px;\"><span style=\"font-family: arial, helvetica, sans-serif;\"><img style=\"float: right;\" src=\"https://815393a849b74051d552-f0e6c8ff8d0647d5bbdb36d26d405888.ssl.cf2.rackcdn.com/newtheme/images/your-logo.png\" alt=\"\" width=\"236\" height=\"95\" /></span></td>\n<td style=\"width: 299px;\">\n<p style=\"text-align: left;\"><span style=\"text-decoration: underline; font-size: 12pt; font-family: arial, helvetica, sans-serif;\"><strong>DONATION RECEIPT</strong></span></p>\n<div class=\"page\" title=\"Page 1\">\n<div class=\"section\">\n<div class=\"layoutArea\">\n<div class=\"column\">\n<p style=\"text-align: left;\"><span style=\"font-size: 12pt; font-family: arial, helvetica, sans-serif;\">555 Test Address<br />Test City, Test State, CA 55555</span></p>\n</div>\n</div>\n</div>\n</div>\n</td>\n</tr>\n</tbody>\n</table>\n<p style=\"text-align: center;\"><span style=\"font-family: arial, helvetica, sans-serif;\"><strong><span style=\"font-size: 12pt;\">Receipt Number:&nbsp;[[number]]</span></strong></span><br /><span style=\"font-size: 12pt; font-family: arial, helvetica, sans-serif;\">Receiptable Amount:&nbsp;[[amount]]</span><br /><span style=\"font-size: 12pt; font-family: arial, helvetica, sans-serif;\">Receipt Date:&nbsp;[[issued_at]]</span></p>\n<p><span style=\"font-size: 12pt; font-family: arial, helvetica, sans-serif;\"></span></p>\n<p><span style=\"font-size: 12pt; font-family: arial, helvetica, sans-serif;\">Dear <strong>[[name]]</strong>,</span></p>\n</div>\n</div>\n<div class=\"layoutArea\">\n<div class=\"column\">\n<p><span style=\"font-size: 12pt; font-family: arial, helvetica, sans-serif;\">This is a receipt [[number]] for your donation to XXXXXXXXXXX&nbsp;for &nbsp;$[[amount]].</span></p>\n<p><span style=\"font-size: 12pt; font-family: arial, helvetica, sans-serif;\">It is a tax-deductible donation(s) to XXXXXXXXXXX&nbsp;(EIN XXXXXXXXXX).</span></p>\n<p><span style=\"font-size: 12pt; font-family: arial, helvetica, sans-serif;\">If you have any questions or concerns, please email XXXXXXXXXX.</span></p>\n<p><span style=\"font-size: 12pt; font-family: arial, helvetica, sans-serif;\">We sincerely thank you for your generosity and look forward to continuing our service with you.</span></p>\n<p><span style=\"font-size: 12pt; font-family: arial, helvetica, sans-serif;\"></span></p>\n<p><span style=\"font-family: arial, helvetica, sans-serif;\"><span style=\"font-size: 12pt;\">YOUR RECEIPT*</span><br /><span style=\"font-size: 12pt;\">Keep this for your tax records</span><br /></span></p>\n<p><span style=\"font-family: arial, helvetica, sans-serif;\"></span></p>\n<p style=\"text-align: center;\"><span style=\"font-size: 10pt; font-family: arial, helvetica, sans-serif;\"><em>*Please Note: This receipt is for your donation made to XXXXXXXXX. No goods or services were provided in exchange for your contribution. XXXXXXXXXX&nbsp;is a 501(c)(3) non-profit organization. Federal Tax ID #XXXXXXXXX. We confirm that XXXXXXXXXXXXXX is eligible to receive tax-deductible contributions in accordance with Internal Revenue Code Section 170.</em></span></p>\n<p style=\"text-align: center;\"><span style=\"font-size: 10pt; font-family: arial, helvetica, sans-serif;\"><em>&nbsp;</em></span></p>\n<p style=\"text-align: left;\"><span style=\"font-size: 10pt; font-family: arial, helvetica, sans-serif;\">[[changes]]</span></p>\n</div>\n</div>\n</div>\n</div>',	'2020-03-21 08:43:33',	'2020-03-21 08:43:33'),
(2,	0,	'revision',	1,	NULL,	'Default tax receipt template',	'<div class=\"page\" title=\"Page 1\">\n<div class=\"section\">\n<div class=\"layoutArea\">\n<div class=\"column\">\n<table style=\"width: 609px; margin-left: auto; margin-right: auto;\">\n<tbody>\n<tr>\n<td style=\"width: 309px;\"><span style=\"font-family: arial, helvetica, sans-serif;\"><img style=\"float: right;\" src=\"https://815393a849b74051d552-f0e6c8ff8d0647d5bbdb36d26d405888.ssl.cf2.rackcdn.com/newtheme/images/your-logo.png\" alt=\"\" width=\"236\" height=\"95\" /></span></td>\n<td style=\"width: 299px;\">\n<p style=\"text-align: left;\"><span style=\"text-decoration: underline; font-size: 12pt; font-family: arial, helvetica, sans-serif;\"><strong>DONATION RECEIPT</strong></span></p>\n<div class=\"page\" title=\"Page 1\">\n<div class=\"section\">\n<div class=\"layoutArea\">\n<div class=\"column\">\n<p style=\"text-align: left;\"><span style=\"font-size: 12pt; font-family: arial, helvetica, sans-serif;\">555 Test Address<br />Test City, Test State, CA 55555</span></p>\n</div>\n</div>\n</div>\n</div>\n</td>\n</tr>\n</tbody>\n</table>\n<p style=\"text-align: center;\"><span style=\"font-family: arial, helvetica, sans-serif;\"><strong><span style=\"font-size: 12pt;\">Receipt Number:&nbsp;[[number]]</span></strong></span><br /><span style=\"font-size: 12pt; font-family: arial, helvetica, sans-serif;\">Receiptable Amount:&nbsp;[[amount]]</span><br /><span style=\"font-size: 12pt; font-family: arial, helvetica, sans-serif;\">Receipt Date:&nbsp;[[issued_at]]</span></p>\n<p><span style=\"font-size: 12pt; font-family: arial, helvetica, sans-serif;\"></span></p>\n<p><span style=\"font-size: 12pt; font-family: arial, helvetica, sans-serif;\">Dear <strong>[[name]]</strong>,</span></p>\n</div>\n</div>\n<div class=\"layoutArea\">\n<div class=\"column\">\n<p><span style=\"font-size: 12pt; font-family: arial, helvetica, sans-serif;\">This is a receipt [[number]] for your donation to XXXXXXXXXXX&nbsp;for &nbsp;$[[amount]].</span></p>\n<p><span style=\"font-size: 12pt; font-family: arial, helvetica, sans-serif;\">It is a tax-deductible donation(s) to XXXXXXXXXXX&nbsp;(EIN XXXXXXXXXX).</span></p>\n<p><span style=\"font-size: 12pt; font-family: arial, helvetica, sans-serif;\">If you have any questions or concerns, please email XXXXXXXXXX.</span></p>\n<p><span style=\"font-size: 12pt; font-family: arial, helvetica, sans-serif;\">We sincerely thank you for your generosity and look forward to continuing our service with you.</span></p>\n<p><span style=\"font-size: 12pt; font-family: arial, helvetica, sans-serif;\"></span></p>\n<p><span style=\"font-family: arial, helvetica, sans-serif;\"><span style=\"font-size: 12pt;\">YOUR RECEIPT*</span><br /><span style=\"font-size: 12pt;\">Keep this for your tax records</span><br /></span></p>\n<p><span style=\"font-family: arial, helvetica, sans-serif;\"></span></p>\n<p style=\"text-align: center;\"><span style=\"font-size: 10pt; font-family: arial, helvetica, sans-serif;\"><em>*Please Note: This receipt is for your donation made to XXXXXXXXX. No goods or services were provided in exchange for your contribution. XXXXXXXXXX&nbsp;is a 501(c)(3) non-profit organization. Federal Tax ID #XXXXXXXXX. We confirm that XXXXXXXXXXXXXX is eligible to receive tax-deductible contributions in accordance with Internal Revenue Code Section 170.</em></span></p>\n<p style=\"text-align: center;\"><span style=\"font-size: 10pt; font-family: arial, helvetica, sans-serif;\"><em>&nbsp;</em></span></p>\n<p style=\"text-align: left;\"><span style=\"font-size: 10pt; font-family: arial, helvetica, sans-serif;\">[[changes]]</span></p>\n</div>\n</div>\n</div>\n</div>',	'2020-03-21 08:43:33',	'2020-03-21 08:43:33');

DROP TABLE IF EXISTS `themes`;
CREATE TABLE `themes` (
  `id` bigint(20) unsigned NOT NULL AUTO_INCREMENT,
  `handle` varchar(64) COLLATE utf8mb4_unicode_ci NOT NULL,
  `title` varchar(64) COLLATE utf8mb4_unicode_ci NOT NULL,
  `description` varchar(255) COLLATE utf8mb4_unicode_ci NOT NULL,
  `source` varchar(32) COLLATE utf8mb4_unicode_ci NOT NULL,
  `locked` tinyint(1) NOT NULL DEFAULT '1',
  `commit_sha` char(9) COLLATE utf8mb4_unicode_ci DEFAULT NULL,
  `created_at` datetime DEFAULT NULL,
  `updated_at` datetime DEFAULT NULL,
  PRIMARY KEY (`id`)
) ENGINE=InnoDB DEFAULT CHARSET=utf8mb4 COLLATE=utf8mb4_unicode_ci;

INSERT INTO `themes` (`id`, `handle`, `title`, `description`, `source`, `locked`, `commit_sha`, `created_at`, `updated_at`) VALUES
(3,	'global',	'Global',	'Theme based on WP Charity.',	'repo',	1,	NULL,	'2019-06-21 13:57:34',	'2019-06-21 13:57:34');

DROP TABLE IF EXISTS `ticket_check_in`;
CREATE TABLE `ticket_check_in` (
  `id` bigint(20) unsigned NOT NULL AUTO_INCREMENT,
  `order_id` bigint(20) unsigned DEFAULT NULL,
  `order_item_id` bigint(20) unsigned DEFAULT NULL,
  `check_in_at` datetime DEFAULT NULL,
  `check_in_by` bigint(20) unsigned DEFAULT NULL,
  PRIMARY KEY (`id`),
  KEY `order_id` (`order_id`),
  KEY `order_item_id` (`order_item_id`),
  KEY `check_in_by` (`check_in_by`),
  CONSTRAINT `ticket_check_in_ibfk_1` FOREIGN KEY (`order_id`) REFERENCES `productorder` (`id`),
  CONSTRAINT `ticket_check_in_ibfk_2` FOREIGN KEY (`order_item_id`) REFERENCES `productorderitem` (`id`),
  CONSTRAINT `ticket_check_in_ibfk_3` FOREIGN KEY (`check_in_by`) REFERENCES `user` (`id`)
) ENGINE=InnoDB DEFAULT CHARSET=utf8mb4 COLLATE=utf8mb4_unicode_ci;


DROP TABLE IF EXISTS `timelines`;
CREATE TABLE `timelines` (
  `id` bigint(20) unsigned NOT NULL AUTO_INCREMENT,
  `parent_type` varchar(55) COLLATE utf8mb4_unicode_ci DEFAULT NULL,
  `parent_id` int(11) unsigned DEFAULT NULL,
  `tag` varchar(45) COLLATE utf8mb4_unicode_ci DEFAULT NULL,
  `is_private` tinyint(4) DEFAULT '0',
  `posted_on` date DEFAULT NULL,
  `headline` varchar(500) COLLATE utf8mb4_unicode_ci DEFAULT NULL,
  `message` varchar(5000) COLLATE utf8mb4_unicode_ci DEFAULT NULL,
  `attachments` varchar(5000) COLLATE utf8mb4_unicode_ci DEFAULT NULL,
  `attachment_size` int(11) DEFAULT NULL,
  `data` longtext COLLATE utf8mb4_unicode_ci,
  `created_at` datetime DEFAULT NULL,
  `created_by` int(11) unsigned DEFAULT NULL,
  `updated_at` datetime DEFAULT NULL,
  `updated_by` int(11) unsigned DEFAULT NULL,
  `deleted_at` datetime DEFAULT NULL,
  `deleted_by` int(11) unsigned DEFAULT NULL,
  PRIMARY KEY (`id`)
) ENGINE=InnoDB DEFAULT CHARSET=utf8mb4 COLLATE=utf8mb4_unicode_ci;


DROP TABLE IF EXISTS `transactions`;
CREATE TABLE `transactions` (
  `id` bigint(20) unsigned NOT NULL AUTO_INCREMENT,
  `recurring_batch_id` bigint(20) unsigned DEFAULT NULL,
  `transaction_id` varchar(40) COLLATE utf8mb4_unicode_ci DEFAULT NULL COMMENT 'Unique transaction ID of the payment.',
  `parent_transaction_id` varchar(40) COLLATE utf8mb4_unicode_ci DEFAULT NULL COMMENT 'Parent or related transaction identification number.',
  `reciept_id` varchar(16) COLLATE utf8mb4_unicode_ci DEFAULT NULL COMMENT 'Receipt identification number.',
  `dp_auto_sync` tinyint(1) NOT NULL DEFAULT '0',
  `dpo_gift_id` varchar(18) COLLATE utf8mb4_unicode_ci DEFAULT NULL COMMENT 'Gift identification number returned by DPO.',
  `dpo_refund_gift_id` varchar(18) COLLATE utf8mb4_unicode_ci DEFAULT NULL,
  `alt_transaction_id` varchar(200) COLLATE utf8mb4_unicode_ci DEFAULT NULL,
  `transaction_status` varchar(16) COLLATE utf8mb4_unicode_ci NOT NULL DEFAULT 'New' COMMENT 'The status of the transaction. It is one of the following values: New, Active, Error, Completed',
  `transaction_type` varchar(16) COLLATE utf8mb4_unicode_ci NOT NULL COMMENT 'The type of transaction. It is one of the following values: Cart, Recurring.',
  `tax_receipt_type` enum('single','none','consolidated') COLLATE utf8mb4_unicode_ci NOT NULL DEFAULT 'single',
  `recurring_payment_profile_id` bigint(20) unsigned DEFAULT NULL,
  `payment_method_id` bigint(20) unsigned DEFAULT NULL COMMENT 'The funding source used.',
  `payment_method_type` varchar(32) COLLATE utf8mb4_unicode_ci NOT NULL,
  `payment_method_desc` varchar(255) COLLATE utf8mb4_unicode_ci NOT NULL,
  `order_time` datetime NOT NULL COMMENT 'Time/date stamp of payment.',
  `amt` decimal(19,4) NOT NULL COMMENT 'The final amount charged, including any shipping and taxes.',
  `tax_amt` decimal(19,4) NOT NULL DEFAULT '0.0000' COMMENT 'Tax charged on the transaction.',
  `shipping_amt` decimal(19,4) NOT NULL DEFAULT '0.0000' COMMENT 'Tax charged on the transaction.',
  `dcc_type` varchar(32) COLLATE utf8mb4_unicode_ci DEFAULT NULL,
  `dcc_amount` decimal(19,4) NOT NULL DEFAULT '0.0000',
  `currency_code` char(3) COLLATE utf8mb4_unicode_ci NOT NULL COMMENT 'A 3-character currency code.',
  `functional_currency_code` char(3) COLLATE utf8mb4_unicode_ci DEFAULT NULL,
  `functional_exchange_rate` decimal(23,10) NOT NULL DEFAULT '1.0000000000',
  `functional_total` decimal(19,4) NOT NULL DEFAULT '0.0000',
  `payment_status` varchar(24) COLLATE utf8mb4_unicode_ci NOT NULL DEFAULT 'None' COMMENT 'Status of the payment. It is one of the following values: None, Cancel-Reversal, Completed, Denied, Expired, Failed, In-Progress, Partially-Refunded, Pending, Refunded, Reversed, Processed, Voided.',
  `pending_reason` varchar(128) COLLATE utf8mb4_unicode_ci DEFAULT NULL COMMENT 'The reason the payment is pending.',
  `reason_code` varchar(128) COLLATE utf8mb4_unicode_ci DEFAULT NULL COMMENT 'The reason for a reversal if the transaction type is reversal.',
  `ship_to_name` varchar(32) COLLATE utf8mb4_unicode_ci DEFAULT NULL COMMENT 'Person''s name associated with this shipping address.',
  `ship_to_street` varchar(100) COLLATE utf8mb4_unicode_ci DEFAULT NULL COMMENT 'First street address.',
  `ship_to_street2` varchar(100) COLLATE utf8mb4_unicode_ci DEFAULT NULL COMMENT 'Second street address.',
  `ship_to_city` varchar(40) COLLATE utf8mb4_unicode_ci DEFAULT NULL COMMENT 'Name of city.',
  `ship_to_state` varchar(40) COLLATE utf8mb4_unicode_ci DEFAULT NULL COMMENT 'State or province.',
  `ship_to_zip` varchar(20) COLLATE utf8mb4_unicode_ci DEFAULT NULL COMMENT 'U.S. ZIP code or other country-specific postal code.',
  `ship_to_country` varchar(2) COLLATE utf8mb4_unicode_ci DEFAULT NULL COMMENT 'Country code.',
  `ship_to_phone_num` varchar(20) COLLATE utf8mb4_unicode_ci DEFAULT NULL COMMENT 'Phone number.',
  `transaction_log` longtext COLLATE utf8mb4_unicode_ci,
  `refunded_at` datetime DEFAULT NULL,
  `refunded_amt` decimal(19,4) DEFAULT NULL,
  `refunded_auth` varchar(50) COLLATE utf8mb4_unicode_ci DEFAULT NULL,
  `refunded_by` int(10) unsigned DEFAULT NULL,
  PRIMARY KEY (`id`),
  KEY `funding_source_id` (`payment_method_id`),
  KEY `recurring_payment_profile_id` (`recurring_payment_profile_id`),
  KEY `payment_method` (`payment_method_desc`),
  KEY `transactions_recurring_batch_id_foreign` (`recurring_batch_id`),
  CONSTRAINT `transactions_ibfk_2` FOREIGN KEY (`recurring_payment_profile_id`) REFERENCES `recurring_payment_profiles` (`id`),
  CONSTRAINT `transactions_ibfk_4` FOREIGN KEY (`payment_method_id`) REFERENCES `payment_methods` (`id`),
  CONSTRAINT `transactions_recurring_batch_id_foreign` FOREIGN KEY (`recurring_batch_id`) REFERENCES `recurring_batches` (`id`)
) ENGINE=InnoDB DEFAULT CHARSET=utf8mb4 COLLATE=utf8mb4_unicode_ci;


DROP TABLE IF EXISTS `transaction_fees`;
CREATE TABLE `transaction_fees` (
  `id` bigint(20) unsigned NOT NULL AUTO_INCREMENT,
  `period` char(7) COLLATE utf8mb4_unicode_ci NOT NULL,
  `status` enum('pending','billed') COLLATE utf8mb4_unicode_ci NOT NULL DEFAULT 'pending',
  `source_type` enum('payment','refund') COLLATE utf8mb4_unicode_ci NOT NULL,
  `source_id` bigint(20) unsigned NOT NULL,
  `source_amount` decimal(19,4) NOT NULL,
  `rate` decimal(5,4) unsigned NOT NULL,
  `capped` tinyint(1) NOT NULL DEFAULT '0',
  `amount` decimal(19,4) NOT NULL,
  `currency` char(3) COLLATE utf8mb4_unicode_ci NOT NULL,
  `exchange_rate` decimal(19,6) unsigned NOT NULL,
  `settlement_amount` decimal(19,4) NOT NULL,
  `settlement_currency` char(3) COLLATE utf8mb4_unicode_ci NOT NULL,
  `description` varchar(255) COLLATE utf8mb4_unicode_ci DEFAULT NULL,
  `created_at` datetime DEFAULT NULL,
  `updated_at` datetime DEFAULT NULL,
  PRIMARY KEY (`id`),
  UNIQUE KEY `type_source` (`source_type`,`source_id`),
  KEY `period` (`period`)
) ENGINE=InnoDB DEFAULT CHARSET=utf8mb4 COLLATE=utf8mb4_unicode_ci;


DROP TABLE IF EXISTS `transient_logs`;
CREATE TABLE `transient_logs` (
  `id` bigint(20) unsigned NOT NULL AUTO_INCREMENT,
  `origin` varchar(12) COLLATE utf8mb4_unicode_ci NOT NULL,
  `level` varchar(12) COLLATE utf8mb4_unicode_ci NOT NULL,
  `request_id` char(36) COLLATE utf8mb4_unicode_ci NOT NULL,
  `ip_address` varchar(40) COLLATE utf8mb4_unicode_ci DEFAULT NULL,
  `source` varchar(255) COLLATE utf8mb4_unicode_ci NOT NULL,
  `message` longtext COLLATE utf8mb4_unicode_ci NOT NULL,
  `context` longtext COLLATE utf8mb4_unicode_ci,
  `user_id` bigint(20) unsigned DEFAULT NULL,
  `created_at` timestamp NULL DEFAULT NULL,
  `updated_at` timestamp NULL DEFAULT NULL,
  PRIMARY KEY (`id`),
  KEY `transient_logs_user_id_foreign` (`user_id`),
  KEY `transient_logs_origin_index` (`origin`),
  KEY `transient_logs_level_index` (`level`),
  KEY `transient_logs_source_index` (`source`),
  CONSTRAINT `transient_logs_user_id_foreign` FOREIGN KEY (`user_id`) REFERENCES `user` (`id`)
) ENGINE=InnoDB DEFAULT CHARSET=utf8mb4 COLLATE=utf8mb4_unicode_ci;


DROP TABLE IF EXISTS `tributes`;
CREATE TABLE `tributes` (
  `id` bigint(20) unsigned NOT NULL AUTO_INCREMENT,
  `order_item_id` bigint(20) unsigned DEFAULT NULL,
  `tribute_type_id` bigint(20) unsigned DEFAULT NULL,
  `name` varchar(50) COLLATE utf8mb4_unicode_ci DEFAULT NULL,
  `amount` decimal(19,4) NOT NULL DEFAULT '0.0000',
  `message` varchar(5000) COLLATE utf8mb4_unicode_ci DEFAULT NULL,
  `notify` varchar(25) COLLATE utf8mb4_unicode_ci DEFAULT NULL,
  `notify_name` varchar(150) COLLATE utf8mb4_unicode_ci DEFAULT NULL,
  `notify_email` varchar(150) COLLATE utf8mb4_unicode_ci DEFAULT NULL,
  `notify_address` varchar(250) COLLATE utf8mb4_unicode_ci DEFAULT NULL,
  `notify_city` varchar(100) COLLATE utf8mb4_unicode_ci DEFAULT NULL,
  `notify_state` varchar(4) COLLATE utf8mb4_unicode_ci DEFAULT NULL,
  `notify_zip` varchar(15) COLLATE utf8mb4_unicode_ci DEFAULT NULL,
  `notify_country` varchar(2) COLLATE utf8mb4_unicode_ci DEFAULT NULL,
  `notify_at` date DEFAULT NULL,
  `notified_at` date DEFAULT NULL,
  `created_at` datetime DEFAULT NULL,
  `created_by` int(10) unsigned DEFAULT NULL,
  `updated_at` datetime DEFAULT NULL,
  `updated_by` int(10) unsigned DEFAULT NULL,
  `deleted_at` datetime DEFAULT NULL,
  `deleted_by` int(10) unsigned DEFAULT NULL,
  PRIMARY KEY (`id`),
  KEY `order_item_id` (`order_item_id`),
  KEY `tribute_type_id` (`tribute_type_id`),
  CONSTRAINT `tributes_ibfk_1` FOREIGN KEY (`order_item_id`) REFERENCES `productorderitem` (`id`),
  CONSTRAINT `tributes_ibfk_2` FOREIGN KEY (`tribute_type_id`) REFERENCES `tribute_types` (`id`)
) ENGINE=InnoDB DEFAULT CHARSET=utf8mb4 COLLATE=utf8mb4_unicode_ci;


DROP TABLE IF EXISTS `tribute_types`;
CREATE TABLE `tribute_types` (
  `id` bigint(20) unsigned NOT NULL AUTO_INCREMENT,
  `is_enabled` tinyint(1) NOT NULL DEFAULT '0',
  `label` varchar(50) COLLATE utf8mb4_unicode_ci DEFAULT NULL,
  `sequence` int(10) unsigned DEFAULT NULL,
  `email_subject` varchar(150) COLLATE utf8mb4_unicode_ci DEFAULT NULL,
  `email_cc` varchar(500) COLLATE utf8mb4_unicode_ci DEFAULT NULL,
  `email_bcc` varchar(500) COLLATE utf8mb4_unicode_ci DEFAULT NULL,
  `email_template` mediumtext COLLATE utf8mb4_unicode_ci,
  `letter_template` mediumtext COLLATE utf8mb4_unicode_ci,
  `created_at` datetime DEFAULT NULL,
  `created_by` int(10) unsigned DEFAULT NULL,
  `updated_at` datetime DEFAULT NULL,
  `updated_by` int(10) unsigned DEFAULT NULL,
  `deleted_at` datetime DEFAULT NULL,
  `deleted_by` int(10) unsigned DEFAULT NULL,
  `dp_id` varchar(10) COLLATE utf8mb4_unicode_ci DEFAULT NULL,
  PRIMARY KEY (`id`)
) ENGINE=InnoDB DEFAULT CHARSET=utf8mb4 COLLATE=utf8mb4_unicode_ci;


DROP TABLE IF EXISTS `user`;
CREATE TABLE `user` (
  `id` bigint(20) unsigned NOT NULL AUTO_INCREMENT,
  `firstname` varchar(45) COLLATE utf8mb4_unicode_ci DEFAULT NULL,
  `lastname` varchar(45) COLLATE utf8mb4_unicode_ci DEFAULT NULL,
  `email` varchar(45) COLLATE utf8mb4_unicode_ci DEFAULT NULL,
  `password` varchar(45) COLLATE utf8mb4_unicode_ci DEFAULT NULL,
  `hashed_password` varchar(64) COLLATE utf8mb4_unicode_ci DEFAULT NULL,
  `two_factor_secret` text COLLATE utf8mb4_unicode_ci,
  `two_factor_recovery_codes` text COLLATE utf8mb4_unicode_ci,
  `primaryphonenumber` varchar(45) COLLATE utf8mb4_unicode_ci DEFAULT NULL,
  `alternatephonenumber` varchar(45) COLLATE utf8mb4_unicode_ci DEFAULT NULL,
  `isadminuser` varchar(45) COLLATE utf8mb4_unicode_ci NOT NULL DEFAULT '0',
  `createddatetime` datetime DEFAULT NULL,
  `modifieddatetime` datetime DEFAULT NULL,
  `api_token` varchar(60) COLLATE utf8mb4_unicode_ci DEFAULT NULL,
  `credential` varchar(100) COLLATE utf8mb4_unicode_ci DEFAULT NULL,
  `deleted_at` datetime DEFAULT NULL,
  `deleted_by` bigint(20) unsigned DEFAULT NULL,
  `permissions_json` varchar(2000) COLLATE utf8mb4_unicode_ci DEFAULT NULL,
  `created_by` int(10) unsigned DEFAULT NULL,
  `updated_by` int(10) unsigned DEFAULT NULL,
  `login_count` int(11) unsigned NOT NULL DEFAULT '0',
  `last_login_at` datetime DEFAULT NULL,
  `is_account_admin` tinyint(1) NOT NULL DEFAULT '0',
  `ds_corporate_optin` tinyint(1) NOT NULL DEFAULT '0',
  `notify_recurring_batch_summary` tinyint(1) NOT NULL DEFAULT '0',
  `notify_fundraising_page_abuse` tinyint(1) NOT NULL DEFAULT '0',
  `notify_fundraising_page_activated` tinyint(1) NOT NULL DEFAULT '0',
  `notify_fundraising_page_edited` tinyint(1) NOT NULL DEFAULT '0',
  `notify_fundraising_page_closed` tinyint(1) NOT NULL DEFAULT '0',
  `billing_warning_suppression_expiry_date` timestamp NULL DEFAULT NULL,
  `last_opened_updates_feed_at` datetime DEFAULT NULL,
  PRIMARY KEY (`id`),
  KEY `deleted_by` (`deleted_by`),
  CONSTRAINT `user_ibfk_1` FOREIGN KEY (`deleted_by`) REFERENCES `user` (`id`)
) ENGINE=InnoDB DEFAULT CHARSET=utf8mb4 COLLATE=utf8mb4_unicode_ci;

INSERT INTO `user` (`id`, `firstname`, `lastname`, `email`, `password`, `hashed_password`, `two_factor_secret`, `two_factor_recovery_codes`, `primaryphonenumber`, `alternatephonenumber`, `isadminuser`, `createddatetime`, `modifieddatetime`, `api_token`, `credential`, `deleted_at`, `deleted_by`, `permissions_json`, `created_by`, `updated_by`, `login_count`, `last_login_at`, `is_account_admin`, `ds_corporate_optin`, `notify_recurring_batch_summary`, `notify_fundraising_page_abuse`, `notify_fundraising_page_activated`, `notify_fundraising_page_edited`, `notify_fundraising_page_closed`, `billing_warning_suppression_expiry_date`, `last_opened_updates_feed_at`) VALUES
(1,	'Givecloud',	'Support',	'support@givecloud.com',	NULL,	NULL,	NULL,	NULL,	NULL,	NULL,	'1',	'2015-01-15 12:07:25',	'2020-08-19 03:21:15',	NULL,	NULL,	NULL,	NULL,	'[\"node.edit\",\"file.edit\",\"post.edit\",\"posttype.edit\",\"customize.edit\",\"template.edit\",\"admin.advanced\",\"user.edit\",\"reports.orders_by_product\",\"reports.orders_by_customer\",\"reports.stock_levels\",\"reports.shipping\",\"reports.gift_reconciliation\",\"reports.donor_reconciliation\",\"reports.abandoned_carts\",\"reports.tax_reconciliation\",\"email.edit\",\"tax.edit\",\"shipping.edit\",\"dpo.edit\",\"recurringpaymentprofile.edit\",\"transaction.view\",\"membership.edit\",\"member.edit\",\"order.edit\",\"order.fullfill\",\"promocode.edit\",\"productcategory.edit\",\"product.edit\",\"sponsorship.edit\",\"segment.edit\",\"paymentoption.edit\",\"sponsorship.sponsors\",\"sponsorship.mature_sponsorship\",\"reports.check_ins\",\"dashboard.view\"]',	NULL,	1,	0,	NULL,	1,	0,	0,	0,	0,	0,	0,	NULL,	NULL),
(2,	'Account',	'Owner',	'account-owner@example.com',	NULL,	NULL,	NULL,	NULL,	NULL,	NULL,	'1',	'2015-01-15 12:07:25',	'2021-02-17 00:40:55',	NULL,	NULL,	NULL,	NULL,	'[\"node.edit\",\"file.edit\",\"post.edit\",\"posttype.edit\",\"customize.edit\",\"template.edit\",\"admin.advanced\",\"user.edit\",\"reports.orders_by_product\",\"reports.orders_by_customer\",\"reports.stock_levels\",\"reports.shipping\",\"reports.gift_reconciliation\",\"reports.donor_reconciliation\",\"reports.abandoned_carts\",\"reports.tax_reconciliation\",\"email.edit\",\"tax.edit\",\"shipping.edit\",\"dpo.edit\",\"recurringpaymentprofile.edit\",\"transaction.view\",\"membership.edit\",\"member.edit\",\"order.edit\",\"order.fullfill\",\"promocode.edit\",\"productcategory.edit\",\"product.edit\",\"sponsorship.edit\",\"segment.edit\",\"paymentoption.edit\",\"sponsorship.sponsors\",\"sponsorship.mature_sponsorship\",\"reports.check_ins\",\"dashboard.view\"]',	NULL,	1,	0,	NULL,	1,	0,	1,	0,	0,	0,	0,	NULL,	NULL);

DROP TABLE IF EXISTS `user_defined_fieldables`;
CREATE TABLE `user_defined_fieldables` (
  `id` bigint(20) unsigned NOT NULL AUTO_INCREMENT,
  `value` longtext COLLATE utf8mb4_unicode_ci NOT NULL,
  `user_defined_field_id` bigint(20) unsigned NOT NULL,
  `user_defined_fieldable_type` varchar(255) COLLATE utf8mb4_unicode_ci NOT NULL,
  `user_defined_fieldable_id` bigint(20) unsigned NOT NULL,
  `created_at` timestamp NULL DEFAULT NULL,
  `updated_at` timestamp NULL DEFAULT NULL,
  PRIMARY KEY (`id`),
  KEY `user_defined_fieldables_user_defined_field_id_foreign` (`user_defined_field_id`),
  KEY `user_defined_fieldable_index` (`user_defined_fieldable_type`,`user_defined_fieldable_id`),
  CONSTRAINT `user_defined_fieldables_user_defined_field_id_foreign` FOREIGN KEY (`user_defined_field_id`) REFERENCES `user_defined_fields` (`id`)
) ENGINE=InnoDB DEFAULT CHARSET=utf8mb4 COLLATE=utf8mb4_unicode_ci;


DROP TABLE IF EXISTS `user_defined_fields`;
CREATE TABLE `user_defined_fields` (
  `id` bigint(20) unsigned NOT NULL AUTO_INCREMENT,
  `name` varchar(255) COLLATE utf8mb4_unicode_ci NOT NULL,
  `entity` varchar(255) COLLATE utf8mb4_unicode_ci NOT NULL,
  `field_type` varchar(255) COLLATE utf8mb4_unicode_ci NOT NULL,
  `field_attributes` json NOT NULL,
  `created_at` timestamp NULL DEFAULT NULL,
  `updated_at` timestamp NULL DEFAULT NULL,
  PRIMARY KEY (`id`),
  KEY `user_defined_fields_entity_index` (`entity`),
  KEY `user_defined_fields_field_type_index` (`field_type`)
) ENGINE=InnoDB DEFAULT CHARSET=utf8mb4 COLLATE=utf8mb4_unicode_ci;


DROP TABLE IF EXISTS `user_logins`;
CREATE TABLE `user_logins` (
  `id` bigint(20) unsigned NOT NULL AUTO_INCREMENT,
  `login_at` datetime DEFAULT NULL,
  `user_id` bigint(20) unsigned NOT NULL,
  `via_remember` tinyint(1) DEFAULT '0',
  `user_agent` varchar(500) COLLATE utf8mb4_unicode_ci NOT NULL,
  `ip` varchar(20) COLLATE utf8mb4_unicode_ci NOT NULL,
  PRIMARY KEY (`id`),
  KEY `user_id` (`user_id`),
  CONSTRAINT `user_logins_ibfk_1` FOREIGN KEY (`user_id`) REFERENCES `user` (`id`) ON DELETE CASCADE
) ENGINE=InnoDB DEFAULT CHARSET=utf8mb4 COLLATE=utf8mb4_unicode_ci;


DROP TABLE IF EXISTS `user_page_visits`;
CREATE TABLE `user_page_visits` (
  `id` bigint(20) unsigned NOT NULL AUTO_INCREMENT,
  `url` varchar(255) COLLATE utf8mb4_unicode_ci NOT NULL,
  `user_id` bigint(20) unsigned NOT NULL,
  `user_login_id` bigint(20) unsigned NOT NULL,
  `created_at` timestamp NULL DEFAULT NULL,
  `updated_at` timestamp NULL DEFAULT NULL,
  PRIMARY KEY (`id`),
  KEY `user_page_visits_user_id_foreign` (`user_id`),
  KEY `user_page_visits_user_login_id_foreign` (`user_login_id`),
  CONSTRAINT `user_page_visits_user_id_foreign` FOREIGN KEY (`user_id`) REFERENCES `user` (`id`),
  CONSTRAINT `user_page_visits_user_login_id_foreign` FOREIGN KEY (`user_login_id`) REFERENCES `user_logins` (`id`)
) ENGINE=InnoDB DEFAULT CHARSET=utf8mb4 COLLATE=utf8mb4_unicode_ci;


DROP TABLE IF EXISTS `variant_variant`;
CREATE TABLE `variant_variant` (
  `id` bigint(20) unsigned NOT NULL AUTO_INCREMENT,
  `variant_id` bigint(20) unsigned NOT NULL,
  `linked_variant_id` bigint(20) unsigned NOT NULL,
  `price` decimal(19,4) NOT NULL,
  `qty` int(11) unsigned NOT NULL DEFAULT '1',
  PRIMARY KEY (`id`),
  KEY `variant_id` (`variant_id`),
  KEY `linked_variant_id` (`linked_variant_id`),
  CONSTRAINT `variant_variant_ibfk_1` FOREIGN KEY (`variant_id`) REFERENCES `productinventory` (`id`),
  CONSTRAINT `variant_variant_ibfk_2` FOREIGN KEY (`linked_variant_id`) REFERENCES `productinventory` (`id`)
) ENGINE=InnoDB DEFAULT CHARSET=utf8mb4 COLLATE=utf8mb4_unicode_ci;


DROP TABLE IF EXISTS `virtual_events`;
CREATE TABLE `virtual_events` (
  `id` bigint(20) unsigned NOT NULL AUTO_INCREMENT,
  `name` varchar(255) COLLATE utf8mb4_unicode_ci NOT NULL,
  `slug` varchar(255) COLLATE utf8mb4_unicode_ci NOT NULL,
  `start_date` date NOT NULL,
  `campaign_id` bigint(20) unsigned NOT NULL,
  `logo` varchar(255) COLLATE utf8mb4_unicode_ci DEFAULT NULL,
  `background_image` varchar(255) COLLATE utf8mb4_unicode_ci DEFAULT NULL,
  `theme_style` varchar(255) COLLATE utf8mb4_unicode_ci NOT NULL DEFAULT 'dark',
  `theme_primary_color` varchar(255) COLLATE utf8mb4_unicode_ci NOT NULL DEFAULT 'indigo',
  `video_source` varchar(255) COLLATE utf8mb4_unicode_ci DEFAULT NULL,
  `video_id` varchar(255) COLLATE utf8mb4_unicode_ci DEFAULT NULL,
  `is_chat_enabled` tinyint(1) NOT NULL DEFAULT '1',
  `chat_id` varchar(255) COLLATE utf8mb4_unicode_ci DEFAULT NULL,
  `is_amount_tally_enabled` tinyint(1) NOT NULL DEFAULT '1',
  `is_celebration_enabled` tinyint(1) NOT NULL DEFAULT '1',
  `celebration_threshold` int(11) DEFAULT '1000',
  `is_honor_roll_enabled` tinyint(1) NOT NULL DEFAULT '1',
  `is_emoji_reaction_enabled` tinyint(1) NOT NULL DEFAULT '1',
  `tab_one_label` varchar(255) COLLATE utf8mb4_unicode_ci DEFAULT NULL,
  `tab_one_product_id` bigint(20) unsigned DEFAULT NULL,
  `tab_two_label` varchar(255) COLLATE utf8mb4_unicode_ci DEFAULT NULL,
  `tab_two_product_id` bigint(20) unsigned DEFAULT NULL,
  `tab_three_label` varchar(255) COLLATE utf8mb4_unicode_ci DEFAULT NULL,
  `tab_three_product_id` bigint(20) unsigned DEFAULT NULL,
  `is_demo_mode_enabled` tinyint(1) NOT NULL DEFAULT '0',
  `prestream_message_line_1` varchar(255) COLLATE utf8mb4_unicode_ci DEFAULT NULL,
  `prestream_message_line_2` varchar(255) COLLATE utf8mb4_unicode_ci DEFAULT NULL,
  `created_at` timestamp NULL DEFAULT NULL,
  `updated_at` timestamp NULL DEFAULT NULL,
  `deleted_at` timestamp NULL DEFAULT NULL,
  PRIMARY KEY (`id`),
  KEY `virtual_events_campaign_id_foreign` (`campaign_id`),
  KEY `virtual_events_tab_one_product_id_foreign` (`tab_one_product_id`),
  KEY `virtual_events_tab_three_product_id_foreign` (`tab_three_product_id`),
  KEY `virtual_events_tab_two_product_id_foreign` (`tab_two_product_id`),
  CONSTRAINT `virtual_events_campaign_id_foreign` FOREIGN KEY (`campaign_id`) REFERENCES `pledge_campaigns` (`id`),
  CONSTRAINT `virtual_events_tab_one_product_id_foreign` FOREIGN KEY (`tab_one_product_id`) REFERENCES `product` (`id`),
  CONSTRAINT `virtual_events_tab_three_product_id_foreign` FOREIGN KEY (`tab_three_product_id`) REFERENCES `product` (`id`),
  CONSTRAINT `virtual_events_tab_two_product_id_foreign` FOREIGN KEY (`tab_two_product_id`) REFERENCES `product` (`id`)
) ENGINE=InnoDB DEFAULT CHARSET=utf8mb4 COLLATE=utf8mb4_unicode_ci;


DROP TABLE IF EXISTS `virtual_event_live_streams`;
CREATE TABLE `virtual_event_live_streams` (
  `id` bigint(20) unsigned NOT NULL AUTO_INCREMENT,
  `virtual_event_id` bigint(20) unsigned NOT NULL,
  `stream_id` varchar(255) COLLATE utf8mb4_unicode_ci NOT NULL,
  `stream_key` varchar(255) COLLATE utf8mb4_unicode_ci NOT NULL,
  `status` varchar(255) COLLATE utf8mb4_unicode_ci NOT NULL,
  `streaming_video_id` varchar(255) COLLATE utf8mb4_unicode_ci DEFAULT NULL,
  `playback_video_id` varchar(255) COLLATE utf8mb4_unicode_ci DEFAULT NULL,
  `created_at` timestamp NULL DEFAULT NULL,
  `updated_at` timestamp NULL DEFAULT NULL,
  `deleted_at` timestamp NULL DEFAULT NULL,
  PRIMARY KEY (`id`),
  KEY `virtual_event_live_streams_virtual_event_id_foreign` (`virtual_event_id`),
  CONSTRAINT `virtual_event_live_streams_virtual_event_id_foreign` FOREIGN KEY (`virtual_event_id`) REFERENCES `virtual_events` (`id`)
) ENGINE=InnoDB DEFAULT CHARSET=utf8mb4 COLLATE=utf8mb4_unicode_ci;


-- 2022-09-21 14:32:37
